scenario,class,parameter,n,pearson_r,pearson_p,pearson_ic95_inferior,pearson_ic95_superior,spearman_rho,spearman_p,partial_r_period,partial_p,beta_delta_pp,beta_error_estandar,beta_t,beta_p,beta_ic95_inferior,beta_ic95_superior,pearson_sin_zona_minimo,pearson_sin_zona_maximo,pearson_p_BH,spearman_p_BH,partial_p_BH,pearson_significant_BH,spearman_significant_BH,partial_significant_BH,class_name_display,parameter_name,scenario_name
Exact,Agricultural land,COT,12,0.6078733549783188,0.036007131877617726,0.0521726693977729,0.8761290340453919,0.7272727272727274,0.0073550288578051294,0.634818458599748,0.026576774602371803,2.9585352303600594,1.2003146847190906,2.464799662975418,0.035875045606789065,0.24323476871089955,5.673835692009219,0.4015130825204598,0.764480877174166,0.18003565938808863,0.027581358216769235,0.39865161903557705,False,True,False,Agricultural land,TOC,Exact
Exact,Agricultural land,Cl_a,12,0.4827511556512522,0.11191020761600787,-0.12608157102190862,0.8274158348036277,0.44755244755244755,0.1445863013033476,0.2965632890659035,0.3492645622933114,8.321786818883218,8.932793962780972,0.9315995480872444,0.3758577680835277,-11.885597027822318,28.529170665588754,0.20717878667393125,0.6828524077688598,0.3357306228480236,0.24097716883891268,0.5967515335243541,False,False,False,Agricultural land,Chl-a,Exact
Exact,Agricultural land,SDT,12,0.018820149446907394,0.9537066545076528,-0.5611423175906436,0.5863882374179619,0.34965034965034975,0.26523878689278996,-0.4519927604745462,0.14016159525977942,-3.298825381038633,2.1701110944038104,-1.5201182047985942,0.16280273315368493,-8.207957737312064,1.6103069752347978,-0.27801944486424646,0.7005818757548814,0.9537066545076528,0.33154848361598743,0.4940489323489422,False,False,False,Agricultural land,TDS,Exact
Exact,Bare land,COT,12,0.8553948706843638,0.00038861809636510277,0.5529368789833286,0.9586722817098817,0.7622377622377624,0.003950448972542647,0.32479952698995285,0.30296998926031116,1.8295676963654266,1.7758377830365681,1.0302560931196,0.32978049450278857,-2.1876564644984304,5.846791857229284,0.8203644260775351,0.8986171629957898,0.0058292714454765415,0.019752244862713233,0.5967515335243541,True,True,False,Bare land,TOC,Exact
Exact,Bare land,Cl_a,12,0.21407636509398134,0.5040642022489332,-0.41022499053569245,0.7017605434365055,0.3846153846153847,0.21702022575997731,-0.4573146693727002,0.134974803049299,-15.510300984064742,10.053899686499584,-1.5427149133874922,0.15729335247101736,-38.2538021739344,7.23320020580492,-0.12659877048499033,0.6730595070308987,0.6601674684284023,0.29593667149087816,0.4940489323489422,False,False,False,Bare land,Chl-a,Exact
Exact,Bare land,SDT,12,0.4428828540052737,0.14933533374589839,-0.17566867967182198,0.810722238174391,0.7902097902097903,0.0022231354099909177,-0.18309022825410387,0.5689672981826427,-1.6150981181383566,2.890736256022861,-0.5587151421279934,0.5899845674800553,-8.154397845460938,4.924201609184224,0.4025307098876636,0.5930733197352713,0.373338334364746,0.016673515574931883,0.7013348820921166,False,True,False,Bare land,TDS,Exact
Exact,Forest,COT,12,-0.5244978092544993,0.08000423144494372,-0.8442666139005852,0.07067886194638048,-0.6923076923076924,0.012593030496094112,0.2690137939456676,0.3978343556829027,0.6231986157381151,0.7437353739366396,0.8379305833464453,0.42376318617369646,-1.0592476876390555,2.3056449191152857,-0.588526254538102,-0.4761040644285993,0.30001586791853896,0.03777909148828233,0.5967515335243541,False,True,False,Forest,TOC,Exact
Exact,Forest,Cl_a,12,-0.30697007014784405,0.3317844182706749,-0.7489318917308064,0.32401314304203505,-0.4755244755244756,0.118175957013032,-0.017470220959865335,0.9570243691299487,-0.24368136906537075,4.648752105272959,-0.052418662803931676,0.9593401462797385,-10.75988924208183,10.272526503951088,-0.40289904370975044,-0.2892900347684029,0.5529740304511248,0.221579919399435,0.9570243691299487,False,False,False,Forest,Chl-a,Exact
Exact,Forest,SDT,12,-0.1093233197046615,0.7352035289498821,-0.6428895149765914,0.49567751605416,-0.6433566433566434,0.024003191200713647,0.3886573451893743,0.21181529151557177,1.4100011273285924,1.1142206999192732,1.26545946187389,0.2374848314786941,-1.1105412099318208,3.9305434645890056,-0.3800037191879397,-0.053994387907912264,0.8127404922074565,0.06000797800178412,0.5295382287889294,False,False,False,Forest,TDS,Exact
Exact,Tropical forests,COT,12,0.378058790187379,0.22562608173942492,-0.2501085072348973,0.7822391190023554,0.30069930069930073,0.34225952894002437,-0.5488632070434712,0.06459067283486312,-1.546934367721132,0.7853209262236234,-1.9698117241824726,0.08036645805614286,-3.323453726073222,0.22958499063095816,0.21998083004152738,0.5725280445477776,0.4834844608701962,0.3949148410846435,0.48443004626147346,False,False,False,Tropical forests,TOC,Exact
Exact,Tropical forests,Cl_a,12,0.20239759585180314,0.5281339747427218,-0.4203277393142435,0.6955112000173634,0.23076923076923078,0.470531995381542,-0.054563837714122806,0.8662534123300245,-0.9259439008175496,5.648212847395813,-0.16393573079393933,0.8734042218348762,-13.70308905056283,11.851201248927733,0.07607205263751304,0.35409928971382576,0.6601674684284023,0.470531995381542,0.9281286560678834,False,False,False,Tropical forests,Chl-a,Exact
Exact,Tropical forests,SDT,12,0.0994080502337173,0.7585577927269593,-0.5032014301661819,0.636970234601648,0.39860139860139865,0.19933549461780897,-0.2856587881754187,0.36809520960191816,-1.260828474273744,1.4099472946261584,-0.8942380180303457,0.39447929677669497,-4.4503508459802585,1.9286938974327712,0.023718163097498888,0.20448124117629268,0.8127404922074565,0.29593667149087816,0.5967515335243541,False,False,False,Tropical forests,TDS,Exact
Exact,Water,COT,12,-0.7734820598827384,0.0031649156686658596,-0.9331541284885637,-0.3588947630911029,-0.7972027972027973,0.0019003677255282697,-0.42841075372718546,0.1646829774496474,-1.592379114041666,1.119524067640222,-1.4223714880897085,0.1886379711942528,-4.124918502578977,0.9401602744956441,-0.8399517425550228,-0.7376942047595662,0.023736867514993945,0.016673515574931883,0.4940489323489422,True,True,False,Water,TOC,Exact
Exact,Water,Cl_a,12,-0.2786540581089532,0.38046526374233436,-0.7350124702017997,0.3514517236582794,-0.23076923076923078,0.470531995381542,0.1652292100755897,0.6078235644798344,3.6978128992010646,7.357430278105969,0.5025957106525237,0.6273159817821657,-12.94585070420474,20.34147650260687,-0.6576842527377585,0.21872158720805746,0.5706978956135015,0.470531995381542,0.7013348820921166,False,False,False,Water,Chl-a,Exact
Exact,Water,SDT,12,-0.3311128055516323,0.2931144791413382,-0.7604995939929999,0.29974895956117503,-0.5804195804195805,0.04785597684206058,0.23443544243078937,0.46330944459666557,1.3646146466069782,1.8862124391147768,0.7234681620737318,0.4877683801996895,-2.902294333095587,5.631523626309543,-0.4236145084698926,-0.29385840573615996,0.5495896483900091,0.10254852180441554,0.6317856062681803,False,False,False,Water,TDS,Exact
One_year_lagged,Agricultural land,COT,12,-0.6813339908740658,0.014697025667685906,-0.9023858750113158,-0.17641324975581632,-0.6643356643356644,0.01845271802844544,-0.5733225394511184,0.05131756440203689,-5.388950336014693,2.5670991544703705,-2.0992373148619228,0.06519892679125215,-11.196132075913056,0.41823140388367097,-0.749730974888256,-0.5898377338490107,0.11022769250764429,0.07569561941195285,0.3848817330152767,False,False,False,Agricultural land,TOC,One-year lagged
One_year_lagged,Agricultural land,Cl_a,12,-0.5945620604297128,0.0414541915014646,-0.871194558700502,-0.03136167981634072,-0.3706293706293707,0.23562100351264567,-0.4490536340480578,0.14308047259716125,-10.10206756439445,6.7001988247806405,-1.5077265359696521,0.16589587498966465,-25.25897032804409,5.054835199255191,-0.64684211060674,-0.5186510212701284,0.1306938853943276,0.321301368426335,0.5391958556803867,False,False,False,Agricultural land,Chl-a,One-year lagged
One_year_lagged,Agricultural land,SDT,12,0.35832590146158405,0.2527414531324562,-0.27138419693988164,0.7732196751994621,0.4895104895104896,0.10625237175934595,-0.05094635675548965,0.875057076946772,-0.4193759596526103,2.7403422017673527,-0.15303780651268245,0.8817446888168852,-6.618460699898831,5.7797087805936105,0.270476535038141,0.5331096583139225,0.344647436089713,0.19695992835505333,0.9734416026453973,False,False,False,Agricultural land,TDS,One-year lagged
One_year_lagged,Bare land,COT,12,-0.2724407232794834,0.3916145892334961,-0.7319058131626661,0.35733110221641373,-0.16083916083916086,0.6175234895401425,0.29108720675454486,0.3586557327997267,3.306999890218126,3.622963868730075,0.9127885372418298,0.38515272005852647,-4.888713775988709,11.502713556424961,-0.46587982233612396,0.05095735961775038,0.48951823654187016,0.712527103315549,0.6724794989994876,False,False,False,Bare land,TOC,One-year lagged
One_year_lagged,Bare land,Cl_a,12,-0.3646973993998288,0.24378700500250355,-0.7761504050377929,0.2645811694067092,-0.4895104895104896,0.10625237175934595,0.13472160118913515,0.6763518919446145,3.6631540749874603,8.980888145424512,0.40788327564838067,0.6928917893432788,-16.653026371474084,23.979334521449005,-0.49563993640944454,-0.27796277221605037,0.344647436089713,0.19695992835505333,0.9222980344699289,False,False,False,Bare land,Chl-a,One-year lagged
One_year_lagged,Bare land,SDT,12,0.6236071896673259,0.030251744318121047,0.07740964750073895,0.881889942964711,0.6853146853146854,0.013905968814362752,-0.010793660170982447,0.9734416026453973,-0.10739029512361586,3.3162689204956575,-0.0323828669200823,0.9748735137198753,-7.609311787387938,7.394531197140706,0.5624524374467945,0.7545981372060043,0.1306938853943276,0.07569561941195285,0.9734416026453973,False,False,False,Bare land,TDS,One-year lagged
One_year_lagged,Forest,COT,12,0.8204496374072707,0.0010779350148054927,0.46593868663743565,0.947985358376821,0.6573426573426573,0.020185498509854093,0.7549165007819169,0.004536015360674344,3.5271896795017352,1.0213954223834991,3.4533047654264855,0.007236862003904828,1.2166327087076048,5.837746650295866,0.819177434425686,0.8550516243747195,0.01616902522208239,0.07569561941195285,0.06804023041011516,True,False,False,Forest,TOC,One-year lagged
One_year_lagged,Forest,Cl_a,12,0.5603757428421302,0.058078303332756466,-0.019937920156749875,0.8582603602781267,0.6293706293706295,0.028319671295760004,0.37878350310905207,0.22466495818317567,4.235725829113391,3.4497296362237537,1.227842838649242,0.25064912896740305,-3.5681047771874193,12.039556435414202,0.41663442388104266,0.653926190086911,0.1306938853943276,0.08495901388728001,0.5524173129163831,False,False,False,Forest,Chl-a,One-year lagged
One_year_lagged,Forest,SDT,12,-0.5286195336627536,0.0772366358405982,-0.8458967210336716,0.06500214991531954,-0.7832167832167832,0.00258621483336259,-0.18013778403734376,0.575320849181769,-0.7370890277479152,1.3416235386603192,-0.5494007868138158,0.5960970997661831,-3.7720523255070306,2.2978742700112003,-0.5898851795783743,-0.48342376727117475,0.14481869220112162,0.03879322250043885,0.8629812737726535,False,True,False,Forest,TDS,One-year lagged
One_year_lagged,Tropical forests,COT,12,-0.5770961664693964,0.04945582655633713,-0.8646340716523027,-0.004776513715672641,-0.3706293706293707,0.23562100351264567,-0.44834945926771264,0.1437855615147698,-2.5486041497342455,1.6936871234619633,-1.5047667980877117,0.16664229363292585,-6.379990607612813,1.2827823081443221,-0.6871471169504321,-0.21475349385137554,0.1306938853943276,0.321301368426335,0.5391958556803867,False,False,False,Tropical forests,TOC,One-year lagged
One_year_lagged,Tropical forests,Cl_a,12,-0.22325373184070524,0.48549915086254775,-0.7066192753205773,0.4021770984704037,-0.0979020979020979,0.7621216559962992,0.02624560622063732,0.9354704877707057,0.357066603341333,4.5333759834130385,0.07876395089394474,0.938943812592079,-9.89814234919383,10.612275555876494,-0.43745504363745397,0.33679196574644527,0.5601913279183243,0.7954145018538978,0.9734416026453973,False,False,False,Tropical forests,Chl-a,One-year lagged
One_year_lagged,Tropical forests,SDT,12,0.511067765383382,0.08948907277256239,-0.08891196307709208,0.8389137763816091,0.4755244755244756,0.118175957013032,0.26570899106272117,0.403879495139472,1.3227483224170242,1.5997449658965652,0.8268494982734325,0.42969834918041244,-2.2961262108362606,4.9416228556703095,0.48456229282428304,0.5669174133957242,0.14914845462093732,0.19695992835505333,0.67313249189912,False,False,False,Tropical forests,TDS,One-year lagged
One_year_lagged,Water,COT,12,0.1492599690014087,0.6433752012428665,-0.46442450036989524,0.6661028571920596,0.20979020979020982,0.512840943181826,-0.35478851964995967,0.25779474602764546,-2.659706003943242,2.3363054259662346,-1.138423929672319,0.28433923058058364,-7.94479605777707,2.6253840498905863,-0.11410404093960665,0.2683581193675897,0.6433752012428665,0.6410511789772826,0.5524173129163831,False,False,False,Water,TOC,One-year lagged
One_year_lagged,Water,Cl_a,12,0.15610703643450474,0.628042375691686,-0.45890820353639883,0.6699846726020777,0.08391608391608392,0.7954145018538978,-0.37311713242180633,0.23224537656797933,-6.694469302104785,5.548769727815108,-1.2064781258711217,0.25838845084829953,-19.24665848659958,5.857719882390006,0.034138639908133345,0.29318130076317456,0.6433752012428665,0.7954145018538978,0.5524173129163831,False,False,False,Water,Chl-a,One-year lagged
One_year_lagged,Water,SDT,12,-0.5551223234484097,0.060990479850686216,-0.8562386402970956,0.027559284830394784,-0.5594405594405596,0.05858947538856764,-0.013634464809007821,0.9664547496169722,-0.08951326619534683,2.188203372008978,-0.040907196899694555,0.9682629938520423,-5.039573197844641,4.860546665453947,-0.7423849268351532,-0.48070989039058315,0.1306938853943276,0.1464736884714191,0.9734416026453973,False,False,False,Water,TDS,One-year lagged
