zone,land_use_period,land_use_initial_year,land_use_final_year,class,class_name,total_zone_area_ha,initial_class_area_ha,final_class_area_ha,persistence_ha,loss_ha,gain_ha,net_change_ha,total_change_ha,delta_pp,gain_pp,loss_pp,turnover_pp,source_file,point,water_quality_period,water_quality_initial_year,water_quality_final_year,parameter,initial_value,final_value,log_change,percent_change,scenario
1,2013-2015,2013,2015,1,Water,29571.48,1004.13,1904.49,1003.77,0.36,900.72,900.36,901.08,3.0446903570602486,3.045907746247398,0.0012173891871492398,3.047125135434547,land_use_change_analysis_2013_2015_zone_1.xlsx,1,2014-2016,2014,2016,COT,2.7140223578283336,4.2084972390413276,43.86738342853243,55.064943621496944,One_year_lagged
1,2013-2015,2013,2015,1,Water,29571.48,1004.13,1904.49,1003.77,0.36,900.72,900.36,901.08,3.0446903570602486,3.045907746247398,0.0012173891871492398,3.047125135434547,land_use_change_analysis_2013_2015_zone_1.xlsx,1,2014-2016,2014,2016,Cl_a,0.9812943260887952,1.4793775456798934,41.05042598869633,50.757780448638584,One_year_lagged
1,2013-2015,2013,2015,1,Water,29571.48,1004.13,1904.49,1003.77,0.36,900.72,900.36,901.08,3.0446903570602486,3.045907746247398,0.0012173891871492398,3.047125135434547,land_use_change_analysis_2013_2015_zone_1.xlsx,1,2014-2016,2014,2016,SDT,123.14532717858619,104.41965452016156,-16.494726028509636,-15.206157706064259,One_year_lagged
1,2013-2015,2013,2015,2,Forest,29571.48,1620.09,2773.98,792.45,827.64,1981.53,1153.89,2809.17,3.902036692110101,6.700814433366203,2.798777741256102,9.499592174622306,land_use_change_analysis_2013_2015_zone_1.xlsx,1,2014-2016,2014,2016,COT,2.7140223578283336,4.2084972390413276,43.86738342853243,55.064943621496944,One_year_lagged
1,2013-2015,2013,2015,2,Forest,29571.48,1620.09,2773.98,792.45,827.64,1981.53,1153.89,2809.17,3.902036692110101,6.700814433366203,2.798777741256102,9.499592174622306,land_use_change_analysis_2013_2015_zone_1.xlsx,1,2014-2016,2014,2016,Cl_a,0.9812943260887952,1.4793775456798934,41.05042598869633,50.757780448638584,One_year_lagged
1,2013-2015,2013,2015,2,Forest,29571.48,1620.09,2773.98,792.45,827.64,1981.53,1153.89,2809.17,3.902036692110101,6.700814433366203,2.798777741256102,9.499592174622306,land_use_change_analysis_2013_2015_zone_1.xlsx,1,2014-2016,2014,2016,SDT,123.14532717858619,104.41965452016156,-16.494726028509636,-15.206157706064259,One_year_lagged
1,2013-2015,2013,2015,3,Agricultural land,29571.48,1969.65,2202.21,1434.78,534.87,767.43,232.56,1302.3,0.7864334148984089,2.5951693997053917,1.808735984806983,4.403905384512375,land_use_change_analysis_2013_2015_zone_1.xlsx,1,2014-2016,2014,2016,COT,2.7140223578283336,4.2084972390413276,43.86738342853243,55.064943621496944,One_year_lagged
1,2013-2015,2013,2015,3,Agricultural land,29571.48,1969.65,2202.21,1434.78,534.87,767.43,232.56,1302.3,0.7864334148984089,2.5951693997053917,1.808735984806983,4.403905384512375,land_use_change_analysis_2013_2015_zone_1.xlsx,1,2014-2016,2014,2016,Cl_a,0.9812943260887952,1.4793775456798934,41.05042598869633,50.757780448638584,One_year_lagged
1,2013-2015,2013,2015,3,Agricultural land,29571.48,1969.65,2202.21,1434.78,534.87,767.43,232.56,1302.3,0.7864334148984089,2.5951693997053917,1.808735984806983,4.403905384512375,land_use_change_analysis_2013_2015_zone_1.xlsx,1,2014-2016,2014,2016,SDT,123.14532717858619,104.41965452016156,-16.494726028509636,-15.206157706064259,One_year_lagged
1,2013-2015,2013,2015,4,Tropical forests,29571.48,24219.54,22682.79,21408.21,2811.33,1274.58,-1536.75,4085.91,-5.1967300926433175,4.310166417101883,9.5068965097452,13.817062926847084,land_use_change_analysis_2013_2015_zone_1.xlsx,1,2014-2016,2014,2016,COT,2.7140223578283336,4.2084972390413276,43.86738342853243,55.064943621496944,One_year_lagged
1,2013-2015,2013,2015,4,Tropical forests,29571.48,24219.54,22682.79,21408.21,2811.33,1274.58,-1536.75,4085.91,-5.1967300926433175,4.310166417101883,9.5068965097452,13.817062926847084,land_use_change_analysis_2013_2015_zone_1.xlsx,1,2014-2016,2014,2016,Cl_a,0.9812943260887952,1.4793775456798934,41.05042598869633,50.757780448638584,One_year_lagged
1,2013-2015,2013,2015,4,Tropical forests,29571.48,24219.54,22682.79,21408.21,2811.33,1274.58,-1536.75,4085.91,-5.1967300926433175,4.310166417101883,9.5068965097452,13.817062926847084,land_use_change_analysis_2013_2015_zone_1.xlsx,1,2014-2016,2014,2016,SDT,123.14532717858619,104.41965452016156,-16.494726028509636,-15.206157706064259,One_year_lagged
1,2013-2015,2013,2015,5,Bare land,29571.48,758.07,8.01,4.32,753.75,3.69,-750.06,757.44,-2.5364303714254413,0.012478239168279708,2.548908610593721,2.5613868497620005,land_use_change_analysis_2013_2015_zone_1.xlsx,1,2014-2016,2014,2016,COT,2.7140223578283336,4.2084972390413276,43.86738342853243,55.064943621496944,One_year_lagged
1,2013-2015,2013,2015,5,Bare land,29571.48,758.07,8.01,4.32,753.75,3.69,-750.06,757.44,-2.5364303714254413,0.012478239168279708,2.548908610593721,2.5613868497620005,land_use_change_analysis_2013_2015_zone_1.xlsx,1,2014-2016,2014,2016,Cl_a,0.9812943260887952,1.4793775456798934,41.05042598869633,50.757780448638584,One_year_lagged
1,2013-2015,2013,2015,5,Bare land,29571.48,758.07,8.01,4.32,753.75,3.69,-750.06,757.44,-2.5364303714254413,0.012478239168279708,2.548908610593721,2.5613868497620005,land_use_change_analysis_2013_2015_zone_1.xlsx,1,2014-2016,2014,2016,SDT,123.14532717858619,104.41965452016156,-16.494726028509636,-15.206157706064259,One_year_lagged
2,2013-2015,2013,2015,1,Water,36040.409999999996,141.48,570.78,134.91,6.57,435.87,429.3,442.44,1.1911629196227236,1.2093924569670547,0.01822953734433099,1.2276219943113855,land_use_change_analysis_2013_2015_zone_2.xlsx,2,2014-2016,2014,2016,COT,2.6943638295179375,4.914149655763588,60.095660795569316,82.3862687706435,One_year_lagged
2,2013-2015,2013,2015,1,Water,36040.409999999996,141.48,570.78,134.91,6.57,435.87,429.3,442.44,1.1911629196227236,1.2093924569670547,0.01822953734433099,1.2276219943113855,land_use_change_analysis_2013_2015_zone_2.xlsx,2,2014-2016,2014,2016,Cl_a,2.6018519573436567,5.545223825788541,75.67135025693297,113.12603163824507,One_year_lagged
2,2013-2015,2013,2015,1,Water,36040.409999999996,141.48,570.78,134.91,6.57,435.87,429.3,442.44,1.1911629196227236,1.2093924569670547,0.01822953734433099,1.2276219943113855,land_use_change_analysis_2013_2015_zone_2.xlsx,2,2014-2016,2014,2016,SDT,135.56229990227402,102.82638735344084,-27.638930613056967,-24.148242226955645,One_year_lagged
2,2013-2015,2013,2015,2,Forest,36040.409999999996,3048.48,8454.24,2430.63,617.85,6023.61,5405.76,6641.46,14.99916343903968,16.713489108475738,1.7143256694360582,18.427814777911795,land_use_change_analysis_2013_2015_zone_2.xlsx,2,2014-2016,2014,2016,COT,2.6943638295179375,4.914149655763588,60.095660795569316,82.3862687706435,One_year_lagged
2,2013-2015,2013,2015,2,Forest,36040.409999999996,3048.48,8454.24,2430.63,617.85,6023.61,5405.76,6641.46,14.99916343903968,16.713489108475738,1.7143256694360582,18.427814777911795,land_use_change_analysis_2013_2015_zone_2.xlsx,2,2014-2016,2014,2016,Cl_a,2.6018519573436567,5.545223825788541,75.67135025693297,113.12603163824507,One_year_lagged
2,2013-2015,2013,2015,2,Forest,36040.409999999996,3048.48,8454.24,2430.63,617.85,6023.61,5405.76,6641.46,14.99916343903968,16.713489108475738,1.7143256694360582,18.427814777911795,land_use_change_analysis_2013_2015_zone_2.xlsx,2,2014-2016,2014,2016,SDT,135.56229990227402,102.82638735344084,-27.638930613056967,-24.148242226955645,One_year_lagged
2,2013-2015,2013,2015,3,Agricultural land,36040.409999999996,4870.26,5014.35,3598.92,1271.34,1415.43,144.09,2686.77,0.3998012231270399,3.9273415590999106,3.5275403359728705,7.4548818950727815,land_use_change_analysis_2013_2015_zone_2.xlsx,2,2014-2016,2014,2016,COT,2.6943638295179375,4.914149655763588,60.095660795569316,82.3862687706435,One_year_lagged
2,2013-2015,2013,2015,3,Agricultural land,36040.409999999996,4870.26,5014.35,3598.92,1271.34,1415.43,144.09,2686.77,0.3998012231270399,3.9273415590999106,3.5275403359728705,7.4548818950727815,land_use_change_analysis_2013_2015_zone_2.xlsx,2,2014-2016,2014,2016,Cl_a,2.6018519573436567,5.545223825788541,75.67135025693297,113.12603163824507,One_year_lagged
2,2013-2015,2013,2015,3,Agricultural land,36040.409999999996,4870.26,5014.35,3598.92,1271.34,1415.43,144.09,2686.77,0.3998012231270399,3.9273415590999106,3.5275403359728705,7.4548818950727815,land_use_change_analysis_2013_2015_zone_2.xlsx,2,2014-2016,2014,2016,SDT,135.56229990227402,102.82638735344084,-27.638930613056967,-24.148242226955645,One_year_lagged
2,2013-2015,2013,2015,4,Tropical forests,36040.409999999996,27499.05,21999.33,20147.04,7352.01,1852.29,-5499.72,9204.3,-15.259870795032578,5.139480932653098,20.399351727685676,25.53883266033877,land_use_change_analysis_2013_2015_zone_2.xlsx,2,2014-2016,2014,2016,COT,2.6943638295179375,4.914149655763588,60.095660795569316,82.3862687706435,One_year_lagged
2,2013-2015,2013,2015,4,Tropical forests,36040.409999999996,27499.05,21999.33,20147.04,7352.01,1852.29,-5499.72,9204.3,-15.259870795032578,5.139480932653098,20.399351727685676,25.53883266033877,land_use_change_analysis_2013_2015_zone_2.xlsx,2,2014-2016,2014,2016,Cl_a,2.6018519573436567,5.545223825788541,75.67135025693297,113.12603163824507,One_year_lagged
2,2013-2015,2013,2015,4,Tropical forests,36040.409999999996,27499.05,21999.33,20147.04,7352.01,1852.29,-5499.72,9204.3,-15.259870795032578,5.139480932653098,20.399351727685676,25.53883266033877,land_use_change_analysis_2013_2015_zone_2.xlsx,2,2014-2016,2014,2016,SDT,135.56229990227402,102.82638735344084,-27.638930613056967,-24.148242226955645,One_year_lagged
2,2013-2015,2013,2015,5,Bare land,36040.409999999996,481.14,1.71,0.63,480.51,1.08,-479.43,481.59,-1.3302567867568655,0.0029966362757804367,1.333253423032646,1.3362500593084263,land_use_change_analysis_2013_2015_zone_2.xlsx,2,2014-2016,2014,2016,COT,2.6943638295179375,4.914149655763588,60.095660795569316,82.3862687706435,One_year_lagged
2,2013-2015,2013,2015,5,Bare land,36040.409999999996,481.14,1.71,0.63,480.51,1.08,-479.43,481.59,-1.3302567867568655,0.0029966362757804367,1.333253423032646,1.3362500593084263,land_use_change_analysis_2013_2015_zone_2.xlsx,2,2014-2016,2014,2016,Cl_a,2.6018519573436567,5.545223825788541,75.67135025693297,113.12603163824507,One_year_lagged
2,2013-2015,2013,2015,5,Bare land,36040.409999999996,481.14,1.71,0.63,480.51,1.08,-479.43,481.59,-1.3302567867568655,0.0029966362757804367,1.333253423032646,1.3362500593084263,land_use_change_analysis_2013_2015_zone_2.xlsx,2,2014-2016,2014,2016,SDT,135.56229990227402,102.82638735344084,-27.638930613056967,-24.148242226955645,One_year_lagged
3,2013-2015,2013,2015,1,Water,3992.13,155.07,509.31,155.07,0.0,354.24,354.24,354.24,8.8734585296571,8.8734585296571,0.0,8.8734585296571,land_use_change_analysis_2013_2015_zone_3.xlsx,3,2014-2016,2014,2016,COT,3.479231452658133,4.185751900271077,18.487493088142706,20.306796406808814,One_year_lagged
3,2013-2015,2013,2015,1,Water,3992.13,155.07,509.31,155.07,0.0,354.24,354.24,354.24,8.8734585296571,8.8734585296571,0.0,8.8734585296571,land_use_change_analysis_2013_2015_zone_3.xlsx,3,2014-2016,2014,2016,Cl_a,2.8112202349136877,4.619809983370502,49.673493871941055,64.3346873359548,One_year_lagged
3,2013-2015,2013,2015,1,Water,3992.13,155.07,509.31,155.07,0.0,354.24,354.24,354.24,8.8734585296571,8.8734585296571,0.0,8.8734585296571,land_use_change_analysis_2013_2015_zone_3.xlsx,3,2014-2016,2014,2016,SDT,115.50283100839283,94.78086216253953,-19.772752759792667,-17.940658826230475,One_year_lagged
3,2013-2015,2013,2015,2,Forest,3992.13,24.66,86.4,8.82,15.84,77.58,61.74,93.42,1.5465428230042608,1.9433234889645377,0.39678066596027683,2.3401041549248145,land_use_change_analysis_2013_2015_zone_3.xlsx,3,2014-2016,2014,2016,COT,3.479231452658133,4.185751900271077,18.487493088142706,20.306796406808814,One_year_lagged
3,2013-2015,2013,2015,2,Forest,3992.13,24.66,86.4,8.82,15.84,77.58,61.74,93.42,1.5465428230042608,1.9433234889645377,0.39678066596027683,2.3401041549248145,land_use_change_analysis_2013_2015_zone_3.xlsx,3,2014-2016,2014,2016,Cl_a,2.8112202349136877,4.619809983370502,49.673493871941055,64.3346873359548,One_year_lagged
3,2013-2015,2013,2015,2,Forest,3992.13,24.66,86.4,8.82,15.84,77.58,61.74,93.42,1.5465428230042608,1.9433234889645377,0.39678066596027683,2.3401041549248145,land_use_change_analysis_2013_2015_zone_3.xlsx,3,2014-2016,2014,2016,SDT,115.50283100839283,94.78086216253953,-19.772752759792667,-17.940658826230475,One_year_lagged
3,2013-2015,2013,2015,3,Agricultural land,3992.13,392.04,450.0,237.24,154.8,212.76,57.96,367.56,1.4518565277182858,5.329485763239173,3.877629235520888,9.20711499876006,land_use_change_analysis_2013_2015_zone_3.xlsx,3,2014-2016,2014,2016,COT,3.479231452658133,4.185751900271077,18.487493088142706,20.306796406808814,One_year_lagged
3,2013-2015,2013,2015,3,Agricultural land,3992.13,392.04,450.0,237.24,154.8,212.76,57.96,367.56,1.4518565277182858,5.329485763239173,3.877629235520888,9.20711499876006,land_use_change_analysis_2013_2015_zone_3.xlsx,3,2014-2016,2014,2016,Cl_a,2.8112202349136877,4.619809983370502,49.673493871941055,64.3346873359548,One_year_lagged
3,2013-2015,2013,2015,3,Agricultural land,3992.13,392.04,450.0,237.24,154.8,212.76,57.96,367.56,1.4518565277182858,5.329485763239173,3.877629235520888,9.20711499876006,land_use_change_analysis_2013_2015_zone_3.xlsx,3,2014-2016,2014,2016,SDT,115.50283100839283,94.78086216253953,-19.772752759792667,-17.940658826230475,One_year_lagged
3,2013-2015,2013,2015,4,Tropical forests,3992.13,3116.61,2945.34,2814.66,301.95,130.68,-171.27,432.63,-4.290190950695493,3.273440494172284,7.563631444867777,10.837071939040062,land_use_change_analysis_2013_2015_zone_3.xlsx,3,2014-2016,2014,2016,COT,3.479231452658133,4.185751900271077,18.487493088142706,20.306796406808814,One_year_lagged
3,2013-2015,2013,2015,4,Tropical forests,3992.13,3116.61,2945.34,2814.66,301.95,130.68,-171.27,432.63,-4.290190950695493,3.273440494172284,7.563631444867777,10.837071939040062,land_use_change_analysis_2013_2015_zone_3.xlsx,3,2014-2016,2014,2016,Cl_a,2.8112202349136877,4.619809983370502,49.673493871941055,64.3346873359548,One_year_lagged
3,2013-2015,2013,2015,4,Tropical forests,3992.13,3116.61,2945.34,2814.66,301.95,130.68,-171.27,432.63,-4.290190950695493,3.273440494172284,7.563631444867777,10.837071939040062,land_use_change_analysis_2013_2015_zone_3.xlsx,3,2014-2016,2014,2016,SDT,115.50283100839283,94.78086216253953,-19.772752759792667,-17.940658826230475,One_year_lagged
3,2013-2015,2013,2015,5,Bare land,3992.13,303.75,1.08,0.81,302.94,0.27,-302.67,303.21,-7.581666929684153,0.006763306806141082,7.588430236490295,7.595193543296435,land_use_change_analysis_2013_2015_zone_3.xlsx,3,2014-2016,2014,2016,COT,3.479231452658133,4.185751900271077,18.487493088142706,20.306796406808814,One_year_lagged
3,2013-2015,2013,2015,5,Bare land,3992.13,303.75,1.08,0.81,302.94,0.27,-302.67,303.21,-7.581666929684153,0.006763306806141082,7.588430236490295,7.595193543296435,land_use_change_analysis_2013_2015_zone_3.xlsx,3,2014-2016,2014,2016,Cl_a,2.8112202349136877,4.619809983370502,49.673493871941055,64.3346873359548,One_year_lagged
3,2013-2015,2013,2015,5,Bare land,3992.13,303.75,1.08,0.81,302.94,0.27,-302.67,303.21,-7.581666929684153,0.006763306806141082,7.588430236490295,7.595193543296435,land_use_change_analysis_2013_2015_zone_3.xlsx,3,2014-2016,2014,2016,SDT,115.50283100839283,94.78086216253953,-19.772752759792667,-17.940658826230475,One_year_lagged
4,2013-2015,2013,2015,1,Water,10289.07,508.05,1189.26,507.96,0.09,681.3,681.21,681.39,6.620714991733947,6.621589706358301,0.0008747146243538046,6.622464420982655,land_use_change_analysis_2013_2015_zone_4.xlsx,4,2014-2016,2014,2016,COT,2.2025414218076453,4.485834300713049,71.13126130625562,103.66628551446196,One_year_lagged
4,2013-2015,2013,2015,1,Water,10289.07,508.05,1189.26,507.96,0.09,681.3,681.21,681.39,6.620714991733947,6.621589706358301,0.0008747146243538046,6.622464420982655,land_use_change_analysis_2013_2015_zone_4.xlsx,4,2014-2016,2014,2016,Cl_a,2.276703178632209,3.4463002145191046,41.45728317680315,51.37239877661886,One_year_lagged
4,2013-2015,2013,2015,1,Water,10289.07,508.05,1189.26,507.96,0.09,681.3,681.21,681.39,6.620714991733947,6.621589706358301,0.0008747146243538046,6.622464420982655,land_use_change_analysis_2013_2015_zone_4.xlsx,4,2014-2016,2014,2016,SDT,126.89920761951144,102.86465067951104,-20.997907755934435,-18.93987944516129,One_year_lagged
4,2013-2015,2013,2015,2,Forest,10289.07,237.6,1053.27,123.93,113.67,929.34,815.67,1043.01,7.927538640518531,9.032303211077386,1.1047645705588551,10.137067781636242,land_use_change_analysis_2013_2015_zone_4.xlsx,4,2014-2016,2014,2016,COT,2.2025414218076453,4.485834300713049,71.13126130625562,103.66628551446196,One_year_lagged
4,2013-2015,2013,2015,2,Forest,10289.07,237.6,1053.27,123.93,113.67,929.34,815.67,1043.01,7.927538640518531,9.032303211077386,1.1047645705588551,10.137067781636242,land_use_change_analysis_2013_2015_zone_4.xlsx,4,2014-2016,2014,2016,Cl_a,2.276703178632209,3.4463002145191046,41.45728317680315,51.37239877661886,One_year_lagged
4,2013-2015,2013,2015,2,Forest,10289.07,237.6,1053.27,123.93,113.67,929.34,815.67,1043.01,7.927538640518531,9.032303211077386,1.1047645705588551,10.137067781636242,land_use_change_analysis_2013_2015_zone_4.xlsx,4,2014-2016,2014,2016,SDT,126.89920761951144,102.86465067951104,-20.997907755934435,-18.93987944516129,One_year_lagged
4,2013-2015,2013,2015,3,Agricultural land,10289.07,230.58,271.62,114.48,116.1,157.14,41.04,273.24,0.3988698687053349,1.5272517341217426,1.128381865416408,2.6556335995381506,land_use_change_analysis_2013_2015_zone_4.xlsx,4,2014-2016,2014,2016,COT,2.2025414218076453,4.485834300713049,71.13126130625562,103.66628551446196,One_year_lagged
4,2013-2015,2013,2015,3,Agricultural land,10289.07,230.58,271.62,114.48,116.1,157.14,41.04,273.24,0.3988698687053349,1.5272517341217426,1.128381865416408,2.6556335995381506,land_use_change_analysis_2013_2015_zone_4.xlsx,4,2014-2016,2014,2016,Cl_a,2.276703178632209,3.4463002145191046,41.45728317680315,51.37239877661886,One_year_lagged
4,2013-2015,2013,2015,3,Agricultural land,10289.07,230.58,271.62,114.48,116.1,157.14,41.04,273.24,0.3988698687053349,1.5272517341217426,1.128381865416408,2.6556335995381506,land_use_change_analysis_2013_2015_zone_4.xlsx,4,2014-2016,2014,2016,SDT,126.89920761951144,102.86465067951104,-20.997907755934435,-18.93987944516129,One_year_lagged
4,2013-2015,2013,2015,4,Tropical forests,10289.07,8688.15,7770.87,7572.06,1116.09,198.81,-917.28,1314.9,-8.915091451413977,1.9322446051975544,10.84733605661153,12.779580661809085,land_use_change_analysis_2013_2015_zone_4.xlsx,4,2014-2016,2014,2016,COT,2.2025414218076453,4.485834300713049,71.13126130625562,103.66628551446196,One_year_lagged
4,2013-2015,2013,2015,4,Tropical forests,10289.07,8688.15,7770.87,7572.06,1116.09,198.81,-917.28,1314.9,-8.915091451413977,1.9322446051975544,10.84733605661153,12.779580661809085,land_use_change_analysis_2013_2015_zone_4.xlsx,4,2014-2016,2014,2016,Cl_a,2.276703178632209,3.4463002145191046,41.45728317680315,51.37239877661886,One_year_lagged
4,2013-2015,2013,2015,4,Tropical forests,10289.07,8688.15,7770.87,7572.06,1116.09,198.81,-917.28,1314.9,-8.915091451413977,1.9322446051975544,10.84733605661153,12.779580661809085,land_use_change_analysis_2013_2015_zone_4.xlsx,4,2014-2016,2014,2016,SDT,126.89920761951144,102.86465067951104,-20.997907755934435,-18.93987944516129,One_year_lagged
4,2013-2015,2013,2015,5,Bare land,10289.07,624.69,4.05,2.79,621.9,1.26,-620.64,623.16,-6.032032049543837,0.012246004740953264,6.044278054284789,6.056524059025743,land_use_change_analysis_2013_2015_zone_4.xlsx,4,2014-2016,2014,2016,COT,2.2025414218076453,4.485834300713049,71.13126130625562,103.66628551446196,One_year_lagged
4,2013-2015,2013,2015,5,Bare land,10289.07,624.69,4.05,2.79,621.9,1.26,-620.64,623.16,-6.032032049543837,0.012246004740953264,6.044278054284789,6.056524059025743,land_use_change_analysis_2013_2015_zone_4.xlsx,4,2014-2016,2014,2016,Cl_a,2.276703178632209,3.4463002145191046,41.45728317680315,51.37239877661886,One_year_lagged
4,2013-2015,2013,2015,5,Bare land,10289.07,624.69,4.05,2.79,621.9,1.26,-620.64,623.16,-6.032032049543837,0.012246004740953264,6.044278054284789,6.056524059025743,land_use_change_analysis_2013_2015_zone_4.xlsx,4,2014-2016,2014,2016,SDT,126.89920761951144,102.86465067951104,-20.997907755934435,-18.93987944516129,One_year_lagged
5,2013-2015,2013,2015,1,Water,2913.66,34.2,171.99,34.11,0.09,137.88,137.79,137.97,4.72910360165565,4.732192500154445,0.0030888984987953298,4.735281398653241,land_use_change_analysis_2013_2015_zone_5.xlsx,5,2014-2016,2014,2016,COT,4.177425780944753,4.642153592697661,10.548317996853816,11.12474131492067,One_year_lagged
5,2013-2015,2013,2015,1,Water,2913.66,34.2,171.99,34.11,0.09,137.88,137.79,137.97,4.72910360165565,4.732192500154445,0.0030888984987953298,4.735281398653241,land_use_change_analysis_2013_2015_zone_5.xlsx,5,2014-2016,2014,2016,Cl_a,4.2843763453831185,5.092623054977987,17.28180349998229,18.864979274424442,One_year_lagged
5,2013-2015,2013,2015,1,Water,2913.66,34.2,171.99,34.11,0.09,137.88,137.79,137.97,4.72910360165565,4.732192500154445,0.0030888984987953298,4.735281398653241,land_use_change_analysis_2013_2015_zone_5.xlsx,5,2014-2016,2014,2016,SDT,110.27687018702566,113.59782437764156,2.9670149349214148,3.011469390619876,One_year_lagged
5,2013-2015,2013,2015,2,Forest,2913.66,22.05,49.68,3.15,18.9,46.53,27.63,65.43,0.9482918391301662,1.5969605238771856,0.6486686847470192,2.245629208624205,land_use_change_analysis_2013_2015_zone_5.xlsx,5,2014-2016,2014,2016,COT,4.177425780944753,4.642153592697661,10.548317996853816,11.12474131492067,One_year_lagged
5,2013-2015,2013,2015,2,Forest,2913.66,22.05,49.68,3.15,18.9,46.53,27.63,65.43,0.9482918391301662,1.5969605238771856,0.6486686847470192,2.245629208624205,land_use_change_analysis_2013_2015_zone_5.xlsx,5,2014-2016,2014,2016,Cl_a,4.2843763453831185,5.092623054977987,17.28180349998229,18.864979274424442,One_year_lagged
5,2013-2015,2013,2015,2,Forest,2913.66,22.05,49.68,3.15,18.9,46.53,27.63,65.43,0.9482918391301662,1.5969605238771856,0.6486686847470192,2.245629208624205,land_use_change_analysis_2013_2015_zone_5.xlsx,5,2014-2016,2014,2016,SDT,110.27687018702566,113.59782437764156,2.9670149349214148,3.011469390619876,One_year_lagged
5,2013-2015,2013,2015,3,Agricultural land,2913.66,270.18,416.61,207.81,62.37,208.8,146.43,271.17,5.025637857540001,7.166244517205165,2.1406066596651634,9.306851176870328,land_use_change_analysis_2013_2015_zone_5.xlsx,5,2014-2016,2014,2016,COT,4.177425780944753,4.642153592697661,10.548317996853816,11.12474131492067,One_year_lagged
5,2013-2015,2013,2015,3,Agricultural land,2913.66,270.18,416.61,207.81,62.37,208.8,146.43,271.17,5.025637857540001,7.166244517205165,2.1406066596651634,9.306851176870328,land_use_change_analysis_2013_2015_zone_5.xlsx,5,2014-2016,2014,2016,Cl_a,4.2843763453831185,5.092623054977987,17.28180349998229,18.864979274424442,One_year_lagged
5,2013-2015,2013,2015,3,Agricultural land,2913.66,270.18,416.61,207.81,62.37,208.8,146.43,271.17,5.025637857540001,7.166244517205165,2.1406066596651634,9.306851176870328,land_use_change_analysis_2013_2015_zone_5.xlsx,5,2014-2016,2014,2016,SDT,110.27687018702566,113.59782437764156,2.9670149349214148,3.011469390619876,One_year_lagged
5,2013-2015,2013,2015,4,Tropical forests,2913.66,2471.04,2275.11,2194.11,276.93,81.0,-195.93,357.93,-6.724532031877433,2.7800086489157967,9.50454068079323,12.284549329709026,land_use_change_analysis_2013_2015_zone_5.xlsx,5,2014-2016,2014,2016,COT,4.177425780944753,4.642153592697661,10.548317996853816,11.12474131492067,One_year_lagged
5,2013-2015,2013,2015,4,Tropical forests,2913.66,2471.04,2275.11,2194.11,276.93,81.0,-195.93,357.93,-6.724532031877433,2.7800086489157967,9.50454068079323,12.284549329709026,land_use_change_analysis_2013_2015_zone_5.xlsx,5,2014-2016,2014,2016,Cl_a,4.2843763453831185,5.092623054977987,17.28180349998229,18.864979274424442,One_year_lagged
5,2013-2015,2013,2015,4,Tropical forests,2913.66,2471.04,2275.11,2194.11,276.93,81.0,-195.93,357.93,-6.724532031877433,2.7800086489157967,9.50454068079323,12.284549329709026,land_use_change_analysis_2013_2015_zone_5.xlsx,5,2014-2016,2014,2016,SDT,110.27687018702566,113.59782437764156,2.9670149349214148,3.011469390619876,One_year_lagged
5,2013-2015,2013,2015,5,Bare land,2913.66,116.19,0.27,0.09,116.1,0.18,-115.92,116.28,-3.9785012664483848,0.0061777969975906595,3.9846790634459754,3.990856860443566,land_use_change_analysis_2013_2015_zone_5.xlsx,5,2014-2016,2014,2016,COT,4.177425780944753,4.642153592697661,10.548317996853816,11.12474131492067,One_year_lagged
5,2013-2015,2013,2015,5,Bare land,2913.66,116.19,0.27,0.09,116.1,0.18,-115.92,116.28,-3.9785012664483848,0.0061777969975906595,3.9846790634459754,3.990856860443566,land_use_change_analysis_2013_2015_zone_5.xlsx,5,2014-2016,2014,2016,Cl_a,4.2843763453831185,5.092623054977987,17.28180349998229,18.864979274424442,One_year_lagged
5,2013-2015,2013,2015,5,Bare land,2913.66,116.19,0.27,0.09,116.1,0.18,-115.92,116.28,-3.9785012664483848,0.0061777969975906595,3.9846790634459754,3.990856860443566,land_use_change_analysis_2013_2015_zone_5.xlsx,5,2014-2016,2014,2016,SDT,110.27687018702566,113.59782437764156,2.9670149349214148,3.011469390619876,One_year_lagged
6,2013-2015,2013,2015,1,Water,1976.49,75.24,282.69,75.24,0.0,207.45,207.45,207.45,10.495879058330678,10.495879058330678,0.0,10.495879058330678,land_use_change_analysis_2013_2015_zone_6.xlsx,6,2014-2016,2014,2016,COT,3.5759002808683813,4.7254709268625,27.875025178087014,32.14772660592632,One_year_lagged
6,2013-2015,2013,2015,1,Water,1976.49,75.24,282.69,75.24,0.0,207.45,207.45,207.45,10.495879058330678,10.495879058330678,0.0,10.495879058330678,land_use_change_analysis_2013_2015_zone_6.xlsx,6,2014-2016,2014,2016,Cl_a,4.912018393374512,4.8561620020381495,-1.143652100611567,-1.1371372593332236,One_year_lagged
6,2013-2015,2013,2015,1,Water,1976.49,75.24,282.69,75.24,0.0,207.45,207.45,207.45,10.495879058330678,10.495879058330678,0.0,10.495879058330678,land_use_change_analysis_2013_2015_zone_6.xlsx,6,2014-2016,2014,2016,SDT,125.31830394596234,103.94448275719692,-18.699999523999537,-17.055625966644012,One_year_lagged
6,2013-2015,2013,2015,2,Forest,1976.49,4.14,41.13,1.89,2.25,39.24,36.99,41.49,1.8714994763444288,1.9853376440052821,0.11383816766085333,2.0991758116661354,land_use_change_analysis_2013_2015_zone_6.xlsx,6,2014-2016,2014,2016,COT,3.5759002808683813,4.7254709268625,27.875025178087014,32.14772660592632,One_year_lagged
6,2013-2015,2013,2015,2,Forest,1976.49,4.14,41.13,1.89,2.25,39.24,36.99,41.49,1.8714994763444288,1.9853376440052821,0.11383816766085333,2.0991758116661354,land_use_change_analysis_2013_2015_zone_6.xlsx,6,2014-2016,2014,2016,Cl_a,4.912018393374512,4.8561620020381495,-1.143652100611567,-1.1371372593332236,One_year_lagged
6,2013-2015,2013,2015,2,Forest,1976.49,4.14,41.13,1.89,2.25,39.24,36.99,41.49,1.8714994763444288,1.9853376440052821,0.11383816766085333,2.0991758116661354,land_use_change_analysis_2013_2015_zone_6.xlsx,6,2014-2016,2014,2016,SDT,125.31830394596234,103.94448275719692,-18.699999523999537,-17.055625966644012,One_year_lagged
6,2013-2015,2013,2015,3,Agricultural land,1976.49,130.32,119.7,70.11,60.21,49.59,-10.62,109.8,-0.5373161513592277,2.5089932152452072,3.046309366604435,5.555302581849642,land_use_change_analysis_2013_2015_zone_6.xlsx,6,2014-2016,2014,2016,COT,3.5759002808683813,4.7254709268625,27.875025178087014,32.14772660592632,One_year_lagged
6,2013-2015,2013,2015,3,Agricultural land,1976.49,130.32,119.7,70.11,60.21,49.59,-10.62,109.8,-0.5373161513592277,2.5089932152452072,3.046309366604435,5.555302581849642,land_use_change_analysis_2013_2015_zone_6.xlsx,6,2014-2016,2014,2016,Cl_a,4.912018393374512,4.8561620020381495,-1.143652100611567,-1.1371372593332236,One_year_lagged
6,2013-2015,2013,2015,3,Agricultural land,1976.49,130.32,119.7,70.11,60.21,49.59,-10.62,109.8,-0.5373161513592277,2.5089932152452072,3.046309366604435,5.555302581849642,land_use_change_analysis_2013_2015_zone_6.xlsx,6,2014-2016,2014,2016,SDT,125.31830394596234,103.94448275719692,-18.699999523999537,-17.055625966644012,One_year_lagged
6,2013-2015,2013,2015,4,Tropical forests,1976.49,1649.7,1532.97,1503.81,145.89,29.16,-116.73,175.05,-5.905924138245071,1.4753426528846592,7.381266791129729,8.856609444014389,land_use_change_analysis_2013_2015_zone_6.xlsx,6,2014-2016,2014,2016,COT,3.5759002808683813,4.7254709268625,27.875025178087014,32.14772660592632,One_year_lagged
6,2013-2015,2013,2015,4,Tropical forests,1976.49,1649.7,1532.97,1503.81,145.89,29.16,-116.73,175.05,-5.905924138245071,1.4753426528846592,7.381266791129729,8.856609444014389,land_use_change_analysis_2013_2015_zone_6.xlsx,6,2014-2016,2014,2016,Cl_a,4.912018393374512,4.8561620020381495,-1.143652100611567,-1.1371372593332236,One_year_lagged
6,2013-2015,2013,2015,4,Tropical forests,1976.49,1649.7,1532.97,1503.81,145.89,29.16,-116.73,175.05,-5.905924138245071,1.4753426528846592,7.381266791129729,8.856609444014389,land_use_change_analysis_2013_2015_zone_6.xlsx,6,2014-2016,2014,2016,SDT,125.31830394596234,103.94448275719692,-18.699999523999537,-17.055625966644012,One_year_lagged
6,2013-2015,2013,2015,5,Bare land,1976.49,117.09,0.0,0.0,117.09,0.0,-117.09,117.09,-5.924138245070807,0.0,5.924138245070807,5.924138245070807,land_use_change_analysis_2013_2015_zone_6.xlsx,6,2014-2016,2014,2016,COT,3.5759002808683813,4.7254709268625,27.875025178087014,32.14772660592632,One_year_lagged
6,2013-2015,2013,2015,5,Bare land,1976.49,117.09,0.0,0.0,117.09,0.0,-117.09,117.09,-5.924138245070807,0.0,5.924138245070807,5.924138245070807,land_use_change_analysis_2013_2015_zone_6.xlsx,6,2014-2016,2014,2016,Cl_a,4.912018393374512,4.8561620020381495,-1.143652100611567,-1.1371372593332236,One_year_lagged
6,2013-2015,2013,2015,5,Bare land,1976.49,117.09,0.0,0.0,117.09,0.0,-117.09,117.09,-5.924138245070807,0.0,5.924138245070807,5.924138245070807,land_use_change_analysis_2013_2015_zone_6.xlsx,6,2014-2016,2014,2016,SDT,125.31830394596234,103.94448275719692,-18.699999523999537,-17.055625966644012,One_year_lagged
1,2015-2017,2015,2017,1,Water,29572.02,1904.49,1963.8,1787.49,117.0,176.31,59.31,293.31,0.200561206167181,0.5962054671950039,0.3956442610278229,0.9918497282228268,land_use_change_analysis_2015_2017_zone_1.xlsx,1,2016-2018,2016,2018,COT,4.2084972390413276,5.650061908243822,29.456086868374275,34.253667932330046,One_year_lagged
1,2015-2017,2015,2017,1,Water,29572.02,1904.49,1963.8,1787.49,117.0,176.31,59.31,293.31,0.200561206167181,0.5962054671950039,0.3956442610278229,0.9918497282228268,land_use_change_analysis_2015_2017_zone_1.xlsx,1,2016-2018,2016,2018,Cl_a,1.4793775456798934,2.857401764187145,65.829131579337,93.1489208100653,One_year_lagged
1,2015-2017,2015,2017,1,Water,29572.02,1904.49,1963.8,1787.49,117.0,176.31,59.31,293.31,0.200561206167181,0.5962054671950039,0.3956442610278229,0.9918497282228268,land_use_change_analysis_2015_2017_zone_1.xlsx,1,2016-2018,2016,2018,SDT,104.41965452016156,155.24525591113976,39.65882431915589,48.674362718911986,One_year_lagged
1,2015-2017,2015,2017,2,Forest,29572.02,2774.43,2885.58,1198.8,1575.63,1686.78,111.15,3262.41,0.37586204797643175,5.7039728770641975,5.328110829087766,11.032083706151964,land_use_change_analysis_2015_2017_zone_1.xlsx,1,2016-2018,2016,2018,COT,4.2084972390413276,5.650061908243822,29.456086868374275,34.253667932330046,One_year_lagged
1,2015-2017,2015,2017,2,Forest,29572.02,2774.43,2885.58,1198.8,1575.63,1686.78,111.15,3262.41,0.37586204797643175,5.7039728770641975,5.328110829087766,11.032083706151964,land_use_change_analysis_2015_2017_zone_1.xlsx,1,2016-2018,2016,2018,Cl_a,1.4793775456798934,2.857401764187145,65.829131579337,93.1489208100653,One_year_lagged
1,2015-2017,2015,2017,2,Forest,29572.02,2774.43,2885.58,1198.8,1575.63,1686.78,111.15,3262.41,0.37586204797643175,5.7039728770641975,5.328110829087766,11.032083706151964,land_use_change_analysis_2015_2017_zone_1.xlsx,1,2016-2018,2016,2018,SDT,104.41965452016156,155.24525591113976,39.65882431915589,48.674362718911986,One_year_lagged
1,2015-2017,2015,2017,3,Agricultural land,29572.02,2202.3,2976.57,1806.93,395.37,1169.64,774.27,1565.01,2.6182519827864312,3.955225243321221,1.3369732605347893,5.292198503856009,land_use_change_analysis_2015_2017_zone_1.xlsx,1,2016-2018,2016,2018,COT,4.2084972390413276,5.650061908243822,29.456086868374275,34.253667932330046,One_year_lagged
1,2015-2017,2015,2017,3,Agricultural land,29572.02,2202.3,2976.57,1806.93,395.37,1169.64,774.27,1565.01,2.6182519827864312,3.955225243321221,1.3369732605347893,5.292198503856009,land_use_change_analysis_2015_2017_zone_1.xlsx,1,2016-2018,2016,2018,Cl_a,1.4793775456798934,2.857401764187145,65.829131579337,93.1489208100653,One_year_lagged
1,2015-2017,2015,2017,3,Agricultural land,29572.02,2202.3,2976.57,1806.93,395.37,1169.64,774.27,1565.01,2.6182519827864312,3.955225243321221,1.3369732605347893,5.292198503856009,land_use_change_analysis_2015_2017_zone_1.xlsx,1,2016-2018,2016,2018,SDT,104.41965452016156,155.24525591113976,39.65882431915589,48.674362718911986,One_year_lagged
1,2015-2017,2015,2017,4,Tropical forests,29572.02,22682.79,21732.84,19811.16,2871.63,1921.68,-949.95,4793.31,-3.21232705780667,6.498304816512365,9.710631874319036,16.208936690831404,land_use_change_analysis_2015_2017_zone_1.xlsx,1,2016-2018,2016,2018,COT,4.2084972390413276,5.650061908243822,29.456086868374275,34.253667932330046,One_year_lagged
1,2015-2017,2015,2017,4,Tropical forests,29572.02,22682.79,21732.84,19811.16,2871.63,1921.68,-949.95,4793.31,-3.21232705780667,6.498304816512365,9.710631874319036,16.208936690831404,land_use_change_analysis_2015_2017_zone_1.xlsx,1,2016-2018,2016,2018,Cl_a,1.4793775456798934,2.857401764187145,65.829131579337,93.1489208100653,One_year_lagged
1,2015-2017,2015,2017,4,Tropical forests,29572.02,22682.79,21732.84,19811.16,2871.63,1921.68,-949.95,4793.31,-3.21232705780667,6.498304816512365,9.710631874319036,16.208936690831404,land_use_change_analysis_2015_2017_zone_1.xlsx,1,2016-2018,2016,2018,SDT,104.41965452016156,155.24525591113976,39.65882431915589,48.674362718911986,One_year_lagged
1,2015-2017,2015,2017,5,Bare land,29572.02,8.01,13.23,2.16,5.85,11.07,5.22,16.92,0.017651820876625944,0.03743403392801709,0.019782213051391145,0.05721624697940825,land_use_change_analysis_2015_2017_zone_1.xlsx,1,2016-2018,2016,2018,COT,4.2084972390413276,5.650061908243822,29.456086868374275,34.253667932330046,One_year_lagged
1,2015-2017,2015,2017,5,Bare land,29572.02,8.01,13.23,2.16,5.85,11.07,5.22,16.92,0.017651820876625944,0.03743403392801709,0.019782213051391145,0.05721624697940825,land_use_change_analysis_2015_2017_zone_1.xlsx,1,2016-2018,2016,2018,Cl_a,1.4793775456798934,2.857401764187145,65.829131579337,93.1489208100653,One_year_lagged
1,2015-2017,2015,2017,5,Bare land,29572.02,8.01,13.23,2.16,5.85,11.07,5.22,16.92,0.017651820876625944,0.03743403392801709,0.019782213051391145,0.05721624697940825,land_use_change_analysis_2015_2017_zone_1.xlsx,1,2016-2018,2016,2018,SDT,104.41965452016156,155.24525591113976,39.65882431915589,48.674362718911986,One_year_lagged
2,2015-2017,2015,2017,1,Water,36040.68,570.78,617.22,501.75,69.03,115.47,46.44,184.5,0.12885439453417638,0.32038796160338817,0.1915335670692118,0.5119215286726,land_use_change_analysis_2015_2017_zone_2.xlsx,2,2016-2018,2016,2018,COT,4.914149655763588,5.07062969989276,3.134628243945686,3.1842751053713454,One_year_lagged
2,2015-2017,2015,2017,1,Water,36040.68,570.78,617.22,501.75,69.03,115.47,46.44,184.5,0.12885439453417638,0.32038796160338817,0.1915335670692118,0.5119215286726,land_use_change_analysis_2015_2017_zone_2.xlsx,2,2016-2018,2016,2018,Cl_a,5.545223825788541,4.327272342744673,-24.799958574627325,-21.963973345488405,One_year_lagged
2,2015-2017,2015,2017,1,Water,36040.68,570.78,617.22,501.75,69.03,115.47,46.44,184.5,0.12885439453417638,0.32038796160338817,0.1915335670692118,0.5119215286726,land_use_change_analysis_2015_2017_zone_2.xlsx,2,2016-2018,2016,2018,SDT,102.82638735344084,101.23366251972672,-1.561067126307241,-1.5489456303074314,One_year_lagged
2,2015-2017,2015,2017,2,Forest,36040.68,8454.24,7105.59,5387.49,3066.75,1718.1,-1348.65,4784.85,-3.742021515687273,4.767113162126797,8.50913467781407,13.276247839940869,land_use_change_analysis_2015_2017_zone_2.xlsx,2,2016-2018,2016,2018,COT,4.914149655763588,5.07062969989276,3.134628243945686,3.1842751053713454,One_year_lagged
2,2015-2017,2015,2017,2,Forest,36040.68,8454.24,7105.59,5387.49,3066.75,1718.1,-1348.65,4784.85,-3.742021515687273,4.767113162126797,8.50913467781407,13.276247839940869,land_use_change_analysis_2015_2017_zone_2.xlsx,2,2016-2018,2016,2018,Cl_a,5.545223825788541,4.327272342744673,-24.799958574627325,-21.963973345488405,One_year_lagged
2,2015-2017,2015,2017,2,Forest,36040.68,8454.24,7105.59,5387.49,3066.75,1718.1,-1348.65,4784.85,-3.742021515687273,4.767113162126797,8.50913467781407,13.276247839940869,land_use_change_analysis_2015_2017_zone_2.xlsx,2,2016-2018,2016,2018,SDT,102.82638735344084,101.23366251972672,-1.561067126307241,-1.5489456303074314,One_year_lagged
2,2015-2017,2015,2017,3,Agricultural land,36040.68,5014.35,6864.75,4339.08,675.27,2525.67,1850.4,3200.94,5.1341983558578805,7.007831150799596,1.8736327949417158,8.881463945741313,land_use_change_analysis_2015_2017_zone_2.xlsx,2,2016-2018,2016,2018,COT,4.914149655763588,5.07062969989276,3.134628243945686,3.1842751053713454,One_year_lagged
2,2015-2017,2015,2017,3,Agricultural land,36040.68,5014.35,6864.75,4339.08,675.27,2525.67,1850.4,3200.94,5.1341983558578805,7.007831150799596,1.8736327949417158,8.881463945741313,land_use_change_analysis_2015_2017_zone_2.xlsx,2,2016-2018,2016,2018,Cl_a,5.545223825788541,4.327272342744673,-24.799958574627325,-21.963973345488405,One_year_lagged
2,2015-2017,2015,2017,3,Agricultural land,36040.68,5014.35,6864.75,4339.08,675.27,2525.67,1850.4,3200.94,5.1341983558578805,7.007831150799596,1.8736327949417158,8.881463945741313,land_use_change_analysis_2015_2017_zone_2.xlsx,2,2016-2018,2016,2018,SDT,102.82638735344084,101.23366251972672,-1.561067126307241,-1.5489456303074314,One_year_lagged
2,2015-2017,2015,2017,4,Tropical forests,36040.68,21999.6,21447.99,17865.54,4134.06,3582.45,-551.61,7716.51,-1.5305205118216416,9.940017779908704,11.470538291730346,21.410556071639046,land_use_change_analysis_2015_2017_zone_2.xlsx,2,2016-2018,2016,2018,COT,4.914149655763588,5.07062969989276,3.134628243945686,3.1842751053713454,One_year_lagged
2,2015-2017,2015,2017,4,Tropical forests,36040.68,21999.6,21447.99,17865.54,4134.06,3582.45,-551.61,7716.51,-1.5305205118216416,9.940017779908704,11.470538291730346,21.410556071639046,land_use_change_analysis_2015_2017_zone_2.xlsx,2,2016-2018,2016,2018,Cl_a,5.545223825788541,4.327272342744673,-24.799958574627325,-21.963973345488405,One_year_lagged
2,2015-2017,2015,2017,4,Tropical forests,36040.68,21999.6,21447.99,17865.54,4134.06,3582.45,-551.61,7716.51,-1.5305205118216416,9.940017779908704,11.470538291730346,21.410556071639046,land_use_change_analysis_2015_2017_zone_2.xlsx,2,2016-2018,2016,2018,SDT,102.82638735344084,101.23366251972672,-1.561067126307241,-1.5489456303074314,One_year_lagged
2,2015-2017,2015,2017,5,Bare land,36040.68,1.71,5.13,0.0,1.71,5.13,3.42,6.84,0.009489277116857951,0.014233915675286925,0.004744638558428976,0.018978554233715902,land_use_change_analysis_2015_2017_zone_2.xlsx,2,2016-2018,2016,2018,COT,4.914149655763588,5.07062969989276,3.134628243945686,3.1842751053713454,One_year_lagged
2,2015-2017,2015,2017,5,Bare land,36040.68,1.71,5.13,0.0,1.71,5.13,3.42,6.84,0.009489277116857951,0.014233915675286925,0.004744638558428976,0.018978554233715902,land_use_change_analysis_2015_2017_zone_2.xlsx,2,2016-2018,2016,2018,Cl_a,5.545223825788541,4.327272342744673,-24.799958574627325,-21.963973345488405,One_year_lagged
2,2015-2017,2015,2017,5,Bare land,36040.68,1.71,5.13,0.0,1.71,5.13,3.42,6.84,0.009489277116857951,0.014233915675286925,0.004744638558428976,0.018978554233715902,land_use_change_analysis_2015_2017_zone_2.xlsx,2,2016-2018,2016,2018,SDT,102.82638735344084,101.23366251972672,-1.561067126307241,-1.5489456303074314,One_year_lagged
3,2015-2017,2015,2017,1,Water,3992.2200000000003,509.4,551.16,477.81,31.59,73.35,41.76,104.94,1.046034537174805,1.8373235943910904,0.7912890572162856,2.628612651607376,land_use_change_analysis_2015_2017_zone_3.xlsx,3,2016-2018,2016,2018,COT,4.185751900271077,5.659484700997094,30.164649250361858,35.20831706796993,One_year_lagged
3,2015-2017,2015,2017,1,Water,3992.2200000000003,509.4,551.16,477.81,31.59,73.35,41.76,104.94,1.046034537174805,1.8373235943910904,0.7912890572162856,2.628612651607376,land_use_change_analysis_2015_2017_zone_3.xlsx,3,2016-2018,2016,2018,Cl_a,4.619809983370502,4.382008308615999,-5.284643785725727,-5.147434106824643,One_year_lagged
3,2015-2017,2015,2017,1,Water,3992.2200000000003,509.4,551.16,477.81,31.59,73.35,41.76,104.94,1.046034537174805,1.8373235943910904,0.7912890572162856,2.628612651607376,land_use_change_analysis_2015_2017_zone_3.xlsx,3,2016-2018,2016,2018,SDT,94.78086216253953,130.95703586448383,32.33017859482309,38.168226028484355,One_year_lagged
3,2015-2017,2015,2017,2,Forest,3992.2200000000003,86.4,135.36,30.96,55.44,104.4,48.96,159.84,1.226385319446323,2.6150863429370124,1.3887010234906894,4.0037873664277015,land_use_change_analysis_2015_2017_zone_3.xlsx,3,2016-2018,2016,2018,COT,4.185751900271077,5.659484700997094,30.164649250361858,35.20831706796993,One_year_lagged
3,2015-2017,2015,2017,2,Forest,3992.2200000000003,86.4,135.36,30.96,55.44,104.4,48.96,159.84,1.226385319446323,2.6150863429370124,1.3887010234906894,4.0037873664277015,land_use_change_analysis_2015_2017_zone_3.xlsx,3,2016-2018,2016,2018,Cl_a,4.619809983370502,4.382008308615999,-5.284643785725727,-5.147434106824643,One_year_lagged
3,2015-2017,2015,2017,2,Forest,3992.2200000000003,86.4,135.36,30.96,55.44,104.4,48.96,159.84,1.226385319446323,2.6150863429370124,1.3887010234906894,4.0037873664277015,land_use_change_analysis_2015_2017_zone_3.xlsx,3,2016-2018,2016,2018,SDT,94.78086216253953,130.95703586448383,32.33017859482309,38.168226028484355,One_year_lagged
3,2015-2017,2015,2017,3,Agricultural land,3992.2200000000003,450.0,462.33,307.53,142.47,154.8,12.33,297.27,0.3088507146399747,3.8775418188376394,3.568691104197664,7.4462329230353035,land_use_change_analysis_2015_2017_zone_3.xlsx,3,2016-2018,2016,2018,COT,4.185751900271077,5.659484700997094,30.164649250361858,35.20831706796993,One_year_lagged
3,2015-2017,2015,2017,3,Agricultural land,3992.2200000000003,450.0,462.33,307.53,142.47,154.8,12.33,297.27,0.3088507146399747,3.8775418188376394,3.568691104197664,7.4462329230353035,land_use_change_analysis_2015_2017_zone_3.xlsx,3,2016-2018,2016,2018,Cl_a,4.619809983370502,4.382008308615999,-5.284643785725727,-5.147434106824643,One_year_lagged
3,2015-2017,2015,2017,3,Agricultural land,3992.2200000000003,450.0,462.33,307.53,142.47,154.8,12.33,297.27,0.3088507146399747,3.8775418188376394,3.568691104197664,7.4462329230353035,land_use_change_analysis_2015_2017_zone_3.xlsx,3,2016-2018,2016,2018,SDT,94.78086216253953,130.95703586448383,32.33017859482309,38.168226028484355,One_year_lagged
3,2015-2017,2015,2017,4,Tropical forests,3992.2200000000003,2945.34,2838.15,2641.5,303.84,196.65,-107.19,500.49,-2.6849722710672257,4.925830740790838,7.610803011858063,12.536633752648902,land_use_change_analysis_2015_2017_zone_3.xlsx,3,2016-2018,2016,2018,COT,4.185751900271077,5.659484700997094,30.164649250361858,35.20831706796993,One_year_lagged
3,2015-2017,2015,2017,4,Tropical forests,3992.2200000000003,2945.34,2838.15,2641.5,303.84,196.65,-107.19,500.49,-2.6849722710672257,4.925830740790838,7.610803011858063,12.536633752648902,land_use_change_analysis_2015_2017_zone_3.xlsx,3,2016-2018,2016,2018,Cl_a,4.619809983370502,4.382008308615999,-5.284643785725727,-5.147434106824643,One_year_lagged
3,2015-2017,2015,2017,4,Tropical forests,3992.2200000000003,2945.34,2838.15,2641.5,303.84,196.65,-107.19,500.49,-2.6849722710672257,4.925830740790838,7.610803011858063,12.536633752648902,land_use_change_analysis_2015_2017_zone_3.xlsx,3,2016-2018,2016,2018,SDT,94.78086216253953,130.95703586448383,32.33017859482309,38.168226028484355,One_year_lagged
3,2015-2017,2015,2017,5,Bare land,3992.2200000000003,1.08,5.22,0.09,0.99,5.13,4.14,6.12,0.10370169980612289,0.12849993236845664,0.02479823256233374,0.15329816493079038,land_use_change_analysis_2015_2017_zone_3.xlsx,3,2016-2018,2016,2018,COT,4.185751900271077,5.659484700997094,30.164649250361858,35.20831706796993,One_year_lagged
3,2015-2017,2015,2017,5,Bare land,3992.2200000000003,1.08,5.22,0.09,0.99,5.13,4.14,6.12,0.10370169980612289,0.12849993236845664,0.02479823256233374,0.15329816493079038,land_use_change_analysis_2015_2017_zone_3.xlsx,3,2016-2018,2016,2018,Cl_a,4.619809983370502,4.382008308615999,-5.284643785725727,-5.147434106824643,One_year_lagged
3,2015-2017,2015,2017,5,Bare land,3992.2200000000003,1.08,5.22,0.09,0.99,5.13,4.14,6.12,0.10370169980612289,0.12849993236845664,0.02479823256233374,0.15329816493079038,land_use_change_analysis_2015_2017_zone_3.xlsx,3,2016-2018,2016,2018,SDT,94.78086216253953,130.95703586448383,32.33017859482309,38.168226028484355,One_year_lagged
4,2015-2017,2015,2017,1,Water,10289.34,1189.26,1265.49,1152.81,36.45,112.68,76.23,149.13,0.7408638454944632,1.0951139723247556,0.35425012683029233,1.4493640991550478,land_use_change_analysis_2015_2017_zone_4.xlsx,4,2016-2018,2016,2018,COT,4.485834300713049,5.025162635537628,11.35333202654976,12.022921460537445,One_year_lagged
4,2015-2017,2015,2017,1,Water,10289.34,1189.26,1265.49,1152.81,36.45,112.68,76.23,149.13,0.7408638454944632,1.0951139723247556,0.35425012683029233,1.4493640991550478,land_use_change_analysis_2015_2017_zone_4.xlsx,4,2016-2018,2016,2018,Cl_a,3.4463002145191046,5.242185623492197,41.94372610686751,52.11053295377777,One_year_lagged
4,2015-2017,2015,2017,1,Water,10289.34,1189.26,1265.49,1152.81,36.45,112.68,76.23,149.13,0.7408638454944632,1.0951139723247556,0.35425012683029233,1.4493640991550478,land_use_change_analysis_2015_2017_zone_4.xlsx,4,2016-2018,2016,2018,SDT,102.86465067951104,98.44498248128399,-4.391621436898777,-4.296586017675928,One_year_lagged
4,2015-2017,2015,2017,2,Forest,10289.34,1053.45,1222.02,472.68,580.77,749.34,168.57,1330.11,1.6382975001312037,7.282682854293862,5.644385354162657,12.927068208456518,land_use_change_analysis_2015_2017_zone_4.xlsx,4,2016-2018,2016,2018,COT,4.485834300713049,5.025162635537628,11.35333202654976,12.022921460537445,One_year_lagged
4,2015-2017,2015,2017,2,Forest,10289.34,1053.45,1222.02,472.68,580.77,749.34,168.57,1330.11,1.6382975001312037,7.282682854293862,5.644385354162657,12.927068208456518,land_use_change_analysis_2015_2017_zone_4.xlsx,4,2016-2018,2016,2018,Cl_a,3.4463002145191046,5.242185623492197,41.94372610686751,52.11053295377777,One_year_lagged
4,2015-2017,2015,2017,2,Forest,10289.34,1053.45,1222.02,472.68,580.77,749.34,168.57,1330.11,1.6382975001312037,7.282682854293862,5.644385354162657,12.927068208456518,land_use_change_analysis_2015_2017_zone_4.xlsx,4,2016-2018,2016,2018,SDT,102.86465067951104,98.44498248128399,-4.391621436898777,-4.296586017675928,One_year_lagged
4,2015-2017,2015,2017,3,Agricultural land,10289.34,271.62,538.11,157.23,114.39,380.88,266.49,495.27,2.5899620383814703,3.701695152458758,1.1117331140772877,4.813428266536046,land_use_change_analysis_2015_2017_zone_4.xlsx,4,2016-2018,2016,2018,COT,4.485834300713049,5.025162635537628,11.35333202654976,12.022921460537445,One_year_lagged
4,2015-2017,2015,2017,3,Agricultural land,10289.34,271.62,538.11,157.23,114.39,380.88,266.49,495.27,2.5899620383814703,3.701695152458758,1.1117331140772877,4.813428266536046,land_use_change_analysis_2015_2017_zone_4.xlsx,4,2016-2018,2016,2018,Cl_a,3.4463002145191046,5.242185623492197,41.94372610686751,52.11053295377777,One_year_lagged
4,2015-2017,2015,2017,3,Agricultural land,10289.34,271.62,538.11,157.23,114.39,380.88,266.49,495.27,2.5899620383814703,3.701695152458758,1.1117331140772877,4.813428266536046,land_use_change_analysis_2015_2017_zone_4.xlsx,4,2016-2018,2016,2018,SDT,102.86465067951104,98.44498248128399,-4.391621436898777,-4.296586017675928,One_year_lagged
4,2015-2017,2015,2017,4,Tropical forests,10289.34,7770.96,7253.1,6592.05,1178.91,661.05,-517.86,1839.96,-5.032975876003708,6.424610324860486,11.457586200864197,17.88219652572468,land_use_change_analysis_2015_2017_zone_4.xlsx,4,2016-2018,2016,2018,COT,4.485834300713049,5.025162635537628,11.35333202654976,12.022921460537445,One_year_lagged
4,2015-2017,2015,2017,4,Tropical forests,10289.34,7770.96,7253.1,6592.05,1178.91,661.05,-517.86,1839.96,-5.032975876003708,6.424610324860486,11.457586200864197,17.88219652572468,land_use_change_analysis_2015_2017_zone_4.xlsx,4,2016-2018,2016,2018,Cl_a,3.4463002145191046,5.242185623492197,41.94372610686751,52.11053295377777,One_year_lagged
4,2015-2017,2015,2017,4,Tropical forests,10289.34,7770.96,7253.1,6592.05,1178.91,661.05,-517.86,1839.96,-5.032975876003708,6.424610324860486,11.457586200864197,17.88219652572468,land_use_change_analysis_2015_2017_zone_4.xlsx,4,2016-2018,2016,2018,SDT,102.86465067951104,98.44498248128399,-4.391621436898777,-4.296586017675928,One_year_lagged
4,2015-2017,2015,2017,5,Bare land,10289.34,4.05,10.62,0.45,3.6,10.17,6.57,13.77,0.06385249199657121,0.09884015884400749,0.03498766684743628,0.13382782569144377,land_use_change_analysis_2015_2017_zone_4.xlsx,4,2016-2018,2016,2018,COT,4.485834300713049,5.025162635537628,11.35333202654976,12.022921460537445,One_year_lagged
4,2015-2017,2015,2017,5,Bare land,10289.34,4.05,10.62,0.45,3.6,10.17,6.57,13.77,0.06385249199657121,0.09884015884400749,0.03498766684743628,0.13382782569144377,land_use_change_analysis_2015_2017_zone_4.xlsx,4,2016-2018,2016,2018,Cl_a,3.4463002145191046,5.242185623492197,41.94372610686751,52.11053295377777,One_year_lagged
4,2015-2017,2015,2017,5,Bare land,10289.34,4.05,10.62,0.45,3.6,10.17,6.57,13.77,0.06385249199657121,0.09884015884400749,0.03498766684743628,0.13382782569144377,land_use_change_analysis_2015_2017_zone_4.xlsx,4,2016-2018,2016,2018,SDT,102.86465067951104,98.44498248128399,-4.391621436898777,-4.296586017675928,One_year_lagged
5,2015-2017,2015,2017,1,Water,2913.75,172.08,198.81,164.34,7.74,34.47,26.73,42.21,0.9173745173745174,1.183011583011583,0.26563706563706563,1.4486486486486487,land_use_change_analysis_2015_2017_zone_5.xlsx,5,2016-2018,2016,2018,COT,4.642153592697661,6.310195393961434,30.698824691874567,35.932499172101636,One_year_lagged
5,2015-2017,2015,2017,1,Water,2913.75,172.08,198.81,164.34,7.74,34.47,26.73,42.21,0.9173745173745174,1.183011583011583,0.26563706563706563,1.4486486486486487,land_use_change_analysis_2015_2017_zone_5.xlsx,5,2016-2018,2016,2018,Cl_a,5.092623054977987,2.464590863946428,-72.57672171854526,-51.604687067162466,One_year_lagged
5,2015-2017,2015,2017,1,Water,2913.75,172.08,198.81,164.34,7.74,34.47,26.73,42.21,0.9173745173745174,1.183011583011583,0.26563706563706563,1.4486486486486487,land_use_change_analysis_2015_2017_zone_5.xlsx,5,2016-2018,2016,2018,SDT,113.59782437764156,166.9370927698247,38.49526969518164,46.95448058482484,One_year_lagged
5,2015-2017,2015,2017,2,Forest,2913.75,49.68,54.18,12.96,36.72,41.22,4.5,77.94,0.15444015444015444,1.4146718146718147,1.2602316602316603,2.674903474903475,land_use_change_analysis_2015_2017_zone_5.xlsx,5,2016-2018,2016,2018,COT,4.642153592697661,6.310195393961434,30.698824691874567,35.932499172101636,One_year_lagged
5,2015-2017,2015,2017,2,Forest,2913.75,49.68,54.18,12.96,36.72,41.22,4.5,77.94,0.15444015444015444,1.4146718146718147,1.2602316602316603,2.674903474903475,land_use_change_analysis_2015_2017_zone_5.xlsx,5,2016-2018,2016,2018,Cl_a,5.092623054977987,2.464590863946428,-72.57672171854526,-51.604687067162466,One_year_lagged
5,2015-2017,2015,2017,2,Forest,2913.75,49.68,54.18,12.96,36.72,41.22,4.5,77.94,0.15444015444015444,1.4146718146718147,1.2602316602316603,2.674903474903475,land_use_change_analysis_2015_2017_zone_5.xlsx,5,2016-2018,2016,2018,SDT,113.59782437764156,166.9370927698247,38.49526969518164,46.95448058482484,One_year_lagged
5,2015-2017,2015,2017,3,Agricultural land,2913.75,416.61,536.04,322.38,94.23,213.66,119.43,307.89,4.0988416988416985,7.332818532818533,3.233976833976834,10.566795366795366,land_use_change_analysis_2015_2017_zone_5.xlsx,5,2016-2018,2016,2018,COT,4.642153592697661,6.310195393961434,30.698824691874567,35.932499172101636,One_year_lagged
5,2015-2017,2015,2017,3,Agricultural land,2913.75,416.61,536.04,322.38,94.23,213.66,119.43,307.89,4.0988416988416985,7.332818532818533,3.233976833976834,10.566795366795366,land_use_change_analysis_2015_2017_zone_5.xlsx,5,2016-2018,2016,2018,Cl_a,5.092623054977987,2.464590863946428,-72.57672171854526,-51.604687067162466,One_year_lagged
5,2015-2017,2015,2017,3,Agricultural land,2913.75,416.61,536.04,322.38,94.23,213.66,119.43,307.89,4.0988416988416985,7.332818532818533,3.233976833976834,10.566795366795366,land_use_change_analysis_2015_2017_zone_5.xlsx,5,2016-2018,2016,2018,SDT,113.59782437764156,166.9370927698247,38.49526969518164,46.95448058482484,One_year_lagged
5,2015-2017,2015,2017,4,Tropical forests,2913.75,2275.11,2116.71,1989.27,285.84,127.44,-158.4,413.28,-5.436293436293436,4.373745173745173,9.810038610038609,14.183783783783785,land_use_change_analysis_2015_2017_zone_5.xlsx,5,2016-2018,2016,2018,COT,4.642153592697661,6.310195393961434,30.698824691874567,35.932499172101636,One_year_lagged
5,2015-2017,2015,2017,4,Tropical forests,2913.75,2275.11,2116.71,1989.27,285.84,127.44,-158.4,413.28,-5.436293436293436,4.373745173745173,9.810038610038609,14.183783783783785,land_use_change_analysis_2015_2017_zone_5.xlsx,5,2016-2018,2016,2018,Cl_a,5.092623054977987,2.464590863946428,-72.57672171854526,-51.604687067162466,One_year_lagged
5,2015-2017,2015,2017,4,Tropical forests,2913.75,2275.11,2116.71,1989.27,285.84,127.44,-158.4,413.28,-5.436293436293436,4.373745173745173,9.810038610038609,14.183783783783785,land_use_change_analysis_2015_2017_zone_5.xlsx,5,2016-2018,2016,2018,SDT,113.59782437764156,166.9370927698247,38.49526969518164,46.95448058482484,One_year_lagged
5,2015-2017,2015,2017,5,Bare land,2913.75,0.27,8.01,0.0,0.27,8.01,7.74,8.28,0.26563706563706563,0.2749034749034749,0.009266409266409266,0.28416988416988415,land_use_change_analysis_2015_2017_zone_5.xlsx,5,2016-2018,2016,2018,COT,4.642153592697661,6.310195393961434,30.698824691874567,35.932499172101636,One_year_lagged
5,2015-2017,2015,2017,5,Bare land,2913.75,0.27,8.01,0.0,0.27,8.01,7.74,8.28,0.26563706563706563,0.2749034749034749,0.009266409266409266,0.28416988416988415,land_use_change_analysis_2015_2017_zone_5.xlsx,5,2016-2018,2016,2018,Cl_a,5.092623054977987,2.464590863946428,-72.57672171854526,-51.604687067162466,One_year_lagged
5,2015-2017,2015,2017,5,Bare land,2913.75,0.27,8.01,0.0,0.27,8.01,7.74,8.28,0.26563706563706563,0.2749034749034749,0.009266409266409266,0.28416988416988415,land_use_change_analysis_2015_2017_zone_5.xlsx,5,2016-2018,2016,2018,SDT,113.59782437764156,166.9370927698247,38.49526969518164,46.95448058482484,One_year_lagged
6,2015-2017,2015,2017,1,Water,1976.58,282.78,322.56,269.55,13.23,53.01,39.78,66.24,2.012567161460705,2.681905108824333,0.6693379473636281,3.3512430561879607,land_use_change_analysis_2015_2017_zone_6.xlsx,6,2016-2018,2016,2018,COT,4.7254709268625,5.199741213638518,9.564163470088447,10.036466081718377,One_year_lagged
6,2015-2017,2015,2017,1,Water,1976.58,282.78,322.56,269.55,13.23,53.01,39.78,66.24,2.012567161460705,2.681905108824333,0.6693379473636281,3.3512430561879607,land_use_change_analysis_2015_2017_zone_6.xlsx,6,2016-2018,2016,2018,Cl_a,4.8561620020381495,2.2219182537487874,-78.1877513362523,-54.24538446583454,One_year_lagged
6,2015-2017,2015,2017,1,Water,1976.58,282.78,322.56,269.55,13.23,53.01,39.78,66.24,2.012567161460705,2.681905108824333,0.6693379473636281,3.3512430561879607,land_use_change_analysis_2015_2017_zone_6.xlsx,6,2016-2018,2016,2018,SDT,103.94448275719692,105.8001541305749,1.7695039267261305,1.7852524002766177,One_year_lagged
6,2015-2017,2015,2017,2,Forest,1976.58,41.13,44.55,9.18,31.95,35.37,3.42,67.32,0.1730261360531828,1.7894545123394954,1.6164283762863128,3.4058828886258077,land_use_change_analysis_2015_2017_zone_6.xlsx,6,2016-2018,2016,2018,COT,4.7254709268625,5.199741213638518,9.564163470088447,10.036466081718377,One_year_lagged
6,2015-2017,2015,2017,2,Forest,1976.58,41.13,44.55,9.18,31.95,35.37,3.42,67.32,0.1730261360531828,1.7894545123394954,1.6164283762863128,3.4058828886258077,land_use_change_analysis_2015_2017_zone_6.xlsx,6,2016-2018,2016,2018,Cl_a,4.8561620020381495,2.2219182537487874,-78.1877513362523,-54.24538446583454,One_year_lagged
6,2015-2017,2015,2017,2,Forest,1976.58,41.13,44.55,9.18,31.95,35.37,3.42,67.32,0.1730261360531828,1.7894545123394954,1.6164283762863128,3.4058828886258077,land_use_change_analysis_2015_2017_zone_6.xlsx,6,2016-2018,2016,2018,SDT,103.94448275719692,105.8001541305749,1.7695039267261305,1.7852524002766177,One_year_lagged
6,2015-2017,2015,2017,3,Agricultural land,1976.58,119.7,241.38,88.11,31.59,153.27,121.68,184.86,6.156087787997451,7.754302886804481,1.5982150988070303,9.352517985611511,land_use_change_analysis_2015_2017_zone_6.xlsx,6,2016-2018,2016,2018,COT,4.7254709268625,5.199741213638518,9.564163470088447,10.036466081718377,One_year_lagged
6,2015-2017,2015,2017,3,Agricultural land,1976.58,119.7,241.38,88.11,31.59,153.27,121.68,184.86,6.156087787997451,7.754302886804481,1.5982150988070303,9.352517985611511,land_use_change_analysis_2015_2017_zone_6.xlsx,6,2016-2018,2016,2018,Cl_a,4.8561620020381495,2.2219182537487874,-78.1877513362523,-54.24538446583454,One_year_lagged
6,2015-2017,2015,2017,3,Agricultural land,1976.58,119.7,241.38,88.11,31.59,153.27,121.68,184.86,6.156087787997451,7.754302886804481,1.5982150988070303,9.352517985611511,land_use_change_analysis_2015_2017_zone_6.xlsx,6,2016-2018,2016,2018,SDT,103.94448275719692,105.8001541305749,1.7695039267261305,1.7852524002766177,One_year_lagged
6,2015-2017,2015,2017,4,Tropical forests,1976.58,1532.97,1363.5,1298.43,234.54,65.07,-169.47,299.61,-8.573900373372188,3.292049904380293,11.865950277752482,15.158000182132776,land_use_change_analysis_2015_2017_zone_6.xlsx,6,2016-2018,2016,2018,COT,4.7254709268625,5.199741213638518,9.564163470088447,10.036466081718377,One_year_lagged
6,2015-2017,2015,2017,4,Tropical forests,1976.58,1532.97,1363.5,1298.43,234.54,65.07,-169.47,299.61,-8.573900373372188,3.292049904380293,11.865950277752482,15.158000182132776,land_use_change_analysis_2015_2017_zone_6.xlsx,6,2016-2018,2016,2018,Cl_a,4.8561620020381495,2.2219182537487874,-78.1877513362523,-54.24538446583454,One_year_lagged
6,2015-2017,2015,2017,4,Tropical forests,1976.58,1532.97,1363.5,1298.43,234.54,65.07,-169.47,299.61,-8.573900373372188,3.292049904380293,11.865950277752482,15.158000182132776,land_use_change_analysis_2015_2017_zone_6.xlsx,6,2016-2018,2016,2018,SDT,103.94448275719692,105.8001541305749,1.7695039267261305,1.7852524002766177,One_year_lagged
6,2015-2017,2015,2017,5,Bare land,1976.58,0.0,4.59,0.0,0.0,4.59,4.59,4.59,0.23221928786085058,0.23221928786085058,0.0,0.23221928786085058,land_use_change_analysis_2015_2017_zone_6.xlsx,6,2016-2018,2016,2018,COT,4.7254709268625,5.199741213638518,9.564163470088447,10.036466081718377,One_year_lagged
6,2015-2017,2015,2017,5,Bare land,1976.58,0.0,4.59,0.0,0.0,4.59,4.59,4.59,0.23221928786085058,0.23221928786085058,0.0,0.23221928786085058,land_use_change_analysis_2015_2017_zone_6.xlsx,6,2016-2018,2016,2018,Cl_a,4.8561620020381495,2.2219182537487874,-78.1877513362523,-54.24538446583454,One_year_lagged
6,2015-2017,2015,2017,5,Bare land,1976.58,0.0,4.59,0.0,0.0,4.59,4.59,4.59,0.23221928786085058,0.23221928786085058,0.0,0.23221928786085058,land_use_change_analysis_2015_2017_zone_6.xlsx,6,2016-2018,2016,2018,SDT,103.94448275719692,105.8001541305749,1.7695039267261305,1.7852524002766177,One_year_lagged
