path,category,release_status,notes
.gitignore,DOCUMENTATION,INCLUDE,
CITATION.cff,DOCUMENTATION,INCLUDE,
LICENSE_CODE,DOCUMENTATION,INCLUDE,
LICENSE_DATA,DOCUMENTATION,INCLUDE,
README.md,DOCUMENTATION,INCLUDE,
code/correlation/05_LULC_WQ_correlation.ipynb,CODE,INCLUDE,
code/gee/01_LULC_2013.js,CODE,INCLUDE,
code/gee/02_LULC_2015.js,CODE,INCLUDE,
code/gee/03_LULC_2017.js,CODE,INCLUDE,
code/lulc_change/04_LULC_change_analysis.ipynb,CODE,INCLUDE,
code/water_quality/Chl_a/01_Chl_a_2013_2014.ipynb,CODE,INCLUDE,
code/water_quality/Chl_a/02_Chl_a_2015_2016.ipynb,CODE,INCLUDE,
code/water_quality/Chl_a/03_Chl_a_2017_2018.ipynb,CODE,INCLUDE,
code/water_quality/TDS/01_TDS_2013_2014.ipynb,CODE,INCLUDE,
code/water_quality/TDS/02_TDS_2015_2016.ipynb,CODE,INCLUDE,
code/water_quality/TDS/03_TDS_2017_2018.ipynb,CODE,INCLUDE,
code/water_quality/TOC/01_TOC_2013_2014.ipynb,CODE,INCLUDE,
code/water_quality/TOC/02_TOC_2015_2016.ipynb,CODE,INCLUDE,
code/water_quality/TOC/03_TOC_2017_2018.ipynb,CODE,INCLUDE,
data/geospatial/PALM_Dam.geojson,INPUT,INCLUDE,
data/geospatial/PALM_Estimation_Points.geojson,INPUT,INCLUDE,
data/geospatial/PALM_Sampling_Points.geojson,INPUT,INCLUDE,
data/geospatial/PALM_Study_Area.geojson,INPUT,INCLUDE,
data/geospatial/zones/PALM_Zone_1.geojson,INPUT,INCLUDE,
data/geospatial/zones/PALM_Zone_2.geojson,INPUT,INCLUDE,
data/geospatial/zones/PALM_Zone_3.geojson,INPUT,INCLUDE,
data/geospatial/zones/PALM_Zone_4.geojson,INPUT,INCLUDE,
data/geospatial/zones/PALM_Zone_5.geojson,INPUT,INCLUDE,
data/geospatial/zones/PALM_Zone_6.geojson,INPUT,INCLUDE,
data/reflectance/calibration/Reflectancia_Mosaico__AEB_20130620_n.csv,INPUT,INCLUDE,
data/reflectance/calibration/Reflectancia_Mosaico__AEB_20131023_n.csv,INPUT,INCLUDE,
data/reflectance/calibration/Reflectancia_Mosaico__AEB_20140415_n.csv,INPUT,INCLUDE,
data/reflectance/calibration/Reflectancia_Mosaico__AEB_20141008_n.csv,INPUT,INCLUDE,
data/reflectance/calibration/Reflectancia_Mosaico__AEB_20150504_n.csv,INPUT,INCLUDE,
data/reflectance/calibration/Reflectancia_Mosaico__AEB_20151101_n.csv,INPUT,INCLUDE,
data/reflectance/calibration/Reflectancia_Mosaico__AEB_20160522_n.csv,INPUT,INCLUDE,
data/reflectance/calibration/Reflectancia_Mosaico__AEB_20160825_n.csv,INPUT,INCLUDE,
data/reflectance/calibration/Reflectancia_Mosaico__AEB_20170306_n.csv,INPUT,INCLUDE,
data/reflectance/calibration/Reflectancia_Mosaico__AEB_20170930_n.csv,INPUT,INCLUDE,
data/reflectance/calibration/Reflectancia_Mosaico__AEB_20180505_n.csv,INPUT,INCLUDE,
data/reflectance/calibration/Reflectancia_Mosaico__AEB_20180901_n.csv,INPUT,INCLUDE,
data/reflectance/estimation/Reflectancia_Mosaico__AEB_20130520_x.csv,INPUT,INCLUDE,
data/reflectance/estimation/Reflectancia_Mosaico__AEB_20131023_x.csv,INPUT,INCLUDE,
data/reflectance/estimation/Reflectancia_Mosaico__AEB_20140415_x.csv,INPUT,INCLUDE,
data/reflectance/estimation/Reflectancia_Mosaico__AEB_20141008_x.csv,INPUT,INCLUDE,
data/reflectance/estimation/Reflectancia_Mosaico__AEB_20150504_x.csv,INPUT,INCLUDE,
data/reflectance/estimation/Reflectancia_Mosaico__AEB_20151101_x.csv,INPUT,INCLUDE,
data/reflectance/estimation/Reflectancia_Mosaico__AEB_20160522_x.csv,INPUT,INCLUDE,
data/reflectance/estimation/Reflectancia_Mosaico__AEB_20160825_x.csv,INPUT,INCLUDE,
data/reflectance/estimation/Reflectancia_Mosaico__AEB_20170306_x.csv,INPUT,INCLUDE,
data/reflectance/estimation/Reflectancia_Mosaico__AEB_20170930_x.csv,INPUT,INCLUDE,
data/reflectance/estimation/Reflectancia_Mosaico__AEB_20180505_x.csv,INPUT,INCLUDE,
data/reflectance/estimation/Reflectancia_Mosaico__AEB_20180901_x.csv,INPUT,INCLUDE,
data/reflectance/processed/Reflectance_2013_2018_grouped.xlsx,INPUT,INCLUDE,
data/training/PALM_Training_2013.geojson,INPUT,INCLUDE,Training samples supplied for the corresponding classification workflow.
data/training/PALM_Training_2015.geojson,INPUT,INCLUDE,
data/training/PALM_Training_2017.geojson,INPUT,INCLUDE,Training samples supplied for the corresponding classification workflow.
data/validation/PALM_Validation_2013.geojson,INPUT,INCLUDE,
data/validation/PALM_Validation_2015.geojson,INPUT,INCLUDE,
data/validation/PALM_Validation_2017.geojson,INPUT,INCLUDE,
data/water_quality/Water_quality_and_reflectance_model_inputs.xlsx,INPUT,INCLUDE,
derived_data/lulc/LULC_2013.tif,DERIVED,INCLUDE,
derived_data/lulc/LULC_2015.tif,DERIVED,INCLUDE,
derived_data/lulc/LULC_2017.tif,DERIVED,INCLUDE,
derived_data/lulc/zones/reclas_zona1_2013.tif,DERIVED,INCLUDE,
derived_data/lulc/zones/reclas_zona1_2015.tif,DERIVED,INCLUDE,
derived_data/lulc/zones/reclas_zona1_2017.tif,DERIVED,INCLUDE,
derived_data/lulc/zones/reclas_zona2_2013.tif,DERIVED,INCLUDE,
derived_data/lulc/zones/reclas_zona2_2015.tif,DERIVED,INCLUDE,
derived_data/lulc/zones/reclas_zona2_2017.tif,DERIVED,INCLUDE,
derived_data/lulc/zones/reclas_zona3_2013.tif,DERIVED,INCLUDE,
derived_data/lulc/zones/reclas_zona3_2015.tif,DERIVED,INCLUDE,
derived_data/lulc/zones/reclas_zona3_2017.tif,DERIVED,INCLUDE,
derived_data/lulc/zones/reclas_zona4_2013.tif,DERIVED,INCLUDE,
derived_data/lulc/zones/reclas_zona4_2015.tif,DERIVED,INCLUDE,
derived_data/lulc/zones/reclas_zona4_2017.tif,DERIVED,INCLUDE,
derived_data/lulc/zones/reclas_zona5_2013.tif,DERIVED,INCLUDE,
derived_data/lulc/zones/reclas_zona5_2015.tif,DERIVED,INCLUDE,
derived_data/lulc/zones/reclas_zona5_2017.tif,DERIVED,INCLUDE,
derived_data/lulc/zones/reclas_zona6_2013.tif,DERIVED,INCLUDE,
derived_data/lulc/zones/reclas_zona6_2015.tif,DERIVED,INCLUDE,
derived_data/lulc/zones/reclas_zona6_2017.tif,DERIVED,INCLUDE,
derived_data/lulc_change/land_use_change_analysis_2013_2015.xlsx,DERIVED,INCLUDE,
derived_data/lulc_change/land_use_change_analysis_2013_2015_zone_1.xlsx,DERIVED,INCLUDE,
derived_data/lulc_change/land_use_change_analysis_2013_2015_zone_2.xlsx,DERIVED,INCLUDE,
derived_data/lulc_change/land_use_change_analysis_2013_2015_zone_3.xlsx,DERIVED,INCLUDE,
derived_data/lulc_change/land_use_change_analysis_2013_2015_zone_4.xlsx,DERIVED,INCLUDE,
derived_data/lulc_change/land_use_change_analysis_2013_2015_zone_5.xlsx,DERIVED,INCLUDE,
derived_data/lulc_change/land_use_change_analysis_2013_2015_zone_6.xlsx,DERIVED,INCLUDE,
derived_data/lulc_change/land_use_change_analysis_2015_2017.xlsx,DERIVED,INCLUDE,
derived_data/lulc_change/land_use_change_analysis_2015_2017_zone_1.xlsx,DERIVED,INCLUDE,
derived_data/lulc_change/land_use_change_analysis_2015_2017_zone_2.xlsx,DERIVED,INCLUDE,
derived_data/lulc_change/land_use_change_analysis_2015_2017_zone_3.xlsx,DERIVED,INCLUDE,
derived_data/lulc_change/land_use_change_analysis_2015_2017_zone_4.xlsx,DERIVED,INCLUDE,
derived_data/lulc_change/land_use_change_analysis_2015_2017_zone_5.xlsx,DERIVED,INCLUDE,
derived_data/lulc_change/land_use_change_analysis_2015_2017_zone_6.xlsx,DERIVED,INCLUDE,
derived_data/water_quality_predictions/Predictions_new_points_Cha-a_2013-2014.xlsx,DERIVED,INCLUDE,
derived_data/water_quality_predictions/Predictions_new_points_Cha-a_2015-2016.xlsx,DERIVED,INCLUDE,
derived_data/water_quality_predictions/Predictions_new_points_Cha-a_2017-2018.xlsx,DERIVED,INCLUDE,
derived_data/water_quality_predictions/Predictions_new_points_TDS_2013-2014.xlsx,DERIVED,INCLUDE,
derived_data/water_quality_predictions/Predictions_new_points_TDS_2015-2016.xlsx,DERIVED,INCLUDE,
derived_data/water_quality_predictions/Predictions_new_points_TDS_2017-2018.xlsx,DERIVED,INCLUDE,
derived_data/water_quality_predictions/Predictions_new_points_TOC_2013-2014.xlsx,DERIVED,INCLUDE,
derived_data/water_quality_predictions/Predictions_new_points_TOC_2015-2016.xlsx,DERIVED,INCLUDE,
derived_data/water_quality_predictions/Predictions_new_points_TOC_2017-2018.xlsx,DERIVED,INCLUDE,
docs/correlation_validation.md,DOCUMENTATION,INCLUDE,
docs/data_dictionary.md,DOCUMENTATION,INCLUDE,
docs/lulc_change_validation.md,DOCUMENTATION,INCLUDE,
docs/master_inventory.csv,DOCUMENTATION,INCLUDE,
docs/reproducibility_validation.md,DOCUMENTATION,INCLUDE,
docs/reproduction_guide.md,DOCUMENTATION,INCLUDE,
requirements.txt,DOCUMENTATION,INCLUDE,
results/correlation/Correlation_matrices/Correlation_matrices_exact.pdf,OUTPUT,INCLUDE,
results/correlation/Correlation_matrices/Correlation_matrices_exact.png,OUTPUT,INCLUDE,
results/correlation/Correlation_matrices/Correlation_matrices_exact.svg,OUTPUT,INCLUDE,
results/correlation/Correlation_matrices/Correlation_matrices_one_year_lagged.pdf,OUTPUT,INCLUDE,
results/correlation/Correlation_matrices/Correlation_matrices_one_year_lagged.png,OUTPUT,INCLUDE,
results/correlation/Correlation_matrices/Correlation_matrices_one_year_lagged.svg,OUTPUT,INCLUDE,
results/correlation/Correlation_matrices/Matrix_partial_exact.pdf,OUTPUT,INCLUDE,
results/correlation/Correlation_matrices/Matrix_partial_exact.png,OUTPUT,INCLUDE,
results/correlation/Correlation_matrices/Matrix_partial_one_year_lagged.pdf,OUTPUT,INCLUDE,
results/correlation/Correlation_matrices/Matrix_partial_one_year_lagged.png,OUTPUT,INCLUDE,
results/correlation/Correlation_matrices/Matrix_pearson_exact.pdf,OUTPUT,INCLUDE,
results/correlation/Correlation_matrices/Matrix_pearson_exact.png,OUTPUT,INCLUDE,
results/correlation/Correlation_matrices/Matrix_pearson_one_year_lagged.pdf,OUTPUT,INCLUDE,
results/correlation/Correlation_matrices/Matrix_pearson_one_year_lagged.png,OUTPUT,INCLUDE,
results/correlation/Correlation_matrices/Matrix_spearman_exact.pdf,OUTPUT,INCLUDE,
results/correlation/Correlation_matrices/Matrix_spearman_exact.png,OUTPUT,INCLUDE,
results/correlation/Correlation_matrices/Matrix_spearman_one_year_lagged.pdf,OUTPUT,INCLUDE,
results/correlation/Correlation_matrices/Matrix_spearman_one_year_lagged.png,OUTPUT,INCLUDE,
results/correlation/Correlation_results.csv,OUTPUT,INCLUDE,
results/correlation/Exact_analysis_table.csv,OUTPUT,INCLUDE,
results/correlation/Lagged_analysis_table.csv,OUTPUT,INCLUDE,
results/correlation/Land_use_water_quality_correlation_results.xlsx,OUTPUT,INCLUDE,
results/correlation/Resultados_correlacion_Pearson_Spearman.xlsx,OUTPUT,INCLUDE,
results/correlation/Resultados_correlacion_uso_suelo_calidad_agua.xlsx,OUTPUT,INCLUDE,
results/correlation/Scatterplot_figures/Dispersion_Agricultural_land_and_Chl_a.pdf,OUTPUT,INCLUDE,
results/correlation/Scatterplot_figures/Dispersion_Agricultural_land_and_Chl_a.png,OUTPUT,INCLUDE,
results/correlation/Scatterplot_figures/Dispersion_Agricultural_land_and_TOC.pdf,OUTPUT,INCLUDE,
results/correlation/Scatterplot_figures/Dispersion_Agricultural_land_and_TOC.png,OUTPUT,INCLUDE,
results/correlation/Scatterplot_figures/Dispersion_Bare_land_and_TDS.pdf,OUTPUT,INCLUDE,
results/correlation/Scatterplot_figures/Dispersion_Bare_land_and_TDS.png,OUTPUT,INCLUDE,
results/correlation/Scatterplot_figures/Dispersion_Bare_land_and_TOC.pdf,OUTPUT,INCLUDE,
results/correlation/Scatterplot_figures/Dispersion_Bare_land_and_TOC.png,OUTPUT,INCLUDE,
results/correlation/Scatterplot_figures/Dispersion_Water_and_TOC.pdf,OUTPUT,INCLUDE,
results/correlation/Scatterplot_figures/Dispersion_Water_and_TOC.png,OUTPUT,INCLUDE,
results/correlation/Scatterplot_figures/Dispersion_relaciones_relevantes.pdf,OUTPUT,INCLUDE,
results/correlation/Scatterplot_figures/Dispersion_relaciones_relevantes.png,OUTPUT,INCLUDE,
results/correlation/Scatterplot_figures/Dispersion_relaciones_relevantes.svg,OUTPUT,INCLUDE,
results/correlation/Scatterplot_figures/Scatterplot_data.xlsx,OUTPUT,INCLUDE,
results/correlation/Stacked_land_cover_figures/Stacked_land_cover_100_percent_by_zone.pdf,OUTPUT,INCLUDE,
results/correlation/Stacked_land_cover_figures/Stacked_land_cover_100_percent_by_zone.png,OUTPUT,INCLUDE,
results/correlation/Stacked_land_cover_figures/Stacked_land_cover_100_percent_by_zone.svg,OUTPUT,INCLUDE,
results/correlation/Stacked_land_cover_figures/Stacked_land_cover_data_by_zone.xlsx,OUTPUT,INCLUDE,
results/correlation/Stacked_land_cover_figures/Stacked_land_cover_zone_1.pdf,OUTPUT,INCLUDE,
results/correlation/Stacked_land_cover_figures/Stacked_land_cover_zone_1.png,OUTPUT,INCLUDE,
results/correlation/Stacked_land_cover_figures/Stacked_land_cover_zone_2.pdf,OUTPUT,INCLUDE,
results/correlation/Stacked_land_cover_figures/Stacked_land_cover_zone_2.png,OUTPUT,INCLUDE,
results/correlation/Stacked_land_cover_figures/Stacked_land_cover_zone_3.pdf,OUTPUT,INCLUDE,
results/correlation/Stacked_land_cover_figures/Stacked_land_cover_zone_3.png,OUTPUT,INCLUDE,
results/correlation/Stacked_land_cover_figures/Stacked_land_cover_zone_4.pdf,OUTPUT,INCLUDE,
results/correlation/Stacked_land_cover_figures/Stacked_land_cover_zone_4.png,OUTPUT,INCLUDE,
results/correlation/Stacked_land_cover_figures/Stacked_land_cover_zone_5.pdf,OUTPUT,INCLUDE,
results/correlation/Stacked_land_cover_figures/Stacked_land_cover_zone_5.png,OUTPUT,INCLUDE,
results/correlation/Stacked_land_cover_figures/Stacked_land_cover_zone_6.pdf,OUTPUT,INCLUDE,
results/correlation/Stacked_land_cover_figures/Stacked_land_cover_zone_6.png,OUTPUT,INCLUDE,
results/correlation/Time_series_figures/Serie_temporal_COT.pdf,OUTPUT,INCLUDE,
results/correlation/Time_series_figures/Serie_temporal_COT.png,OUTPUT,INCLUDE,
results/correlation/Time_series_figures/Serie_temporal_Cl_a.pdf,OUTPUT,INCLUDE,
results/correlation/Time_series_figures/Serie_temporal_Cl_a.png,OUTPUT,INCLUDE,
results/correlation/Time_series_figures/Serie_temporal_SDT.pdf,OUTPUT,INCLUDE,
results/correlation/Time_series_figures/Serie_temporal_SDT.png,OUTPUT,INCLUDE,
results/correlation/Time_series_figures/Water_quality_time_series.pdf,OUTPUT,INCLUDE,
results/correlation/Time_series_figures/Water_quality_time_series.png,OUTPUT,INCLUDE,
results/correlation/Time_series_figures/Water_quality_time_series.svg,OUTPUT,INCLUDE,
results/correlation/Time_series_figures/Water_quality_time_series_data.xlsx,OUTPUT,INCLUDE,
results/correlation/Unified_land_use_water_quality_results.xlsx,OUTPUT,INCLUDE,
results/figures/Dispersion_relaciones_relevantes.png,OUTPUT,INCLUDE,
results/figures/Matriz_Pearson_escenario_exacto.png,OUTPUT,INCLUDE,
results/figures/Matriz_Spearman_escenario_exacto.png,OUTPUT,INCLUDE,
results/model_performance/01_MSE_vs_lambda_Cha-a_Cha-a_2013-2014.png,OUTPUT,INCLUDE,
results/model_performance/01_MSE_vs_lambda_Cha-a_Cha-a_2015-2016.png,OUTPUT,INCLUDE,
results/model_performance/01_MSE_vs_lambda_Cha-a_Cha-a_2017-2018.png,OUTPUT,INCLUDE,
results/model_performance/01_MSE_vs_lambda_TDS_TDS_2013-2014.png,OUTPUT,INCLUDE,
results/model_performance/01_MSE_vs_lambda_TDS_TDS_2015-2016.png,OUTPUT,INCLUDE,
results/model_performance/01_MSE_vs_lambda_TDS_TDS_2017-2018.png,OUTPUT,INCLUDE,
results/model_performance/01_MSE_vs_lambda_TOC_TOC_2013-2014.png,OUTPUT,INCLUDE,
results/model_performance/01_MSE_vs_lambda_TOC_TOC_2015-2016.png,OUTPUT,INCLUDE,
results/model_performance/01_MSE_vs_lambda_TOC_TOC_2017-2018.png,OUTPUT,INCLUDE,
results/model_performance/02_Skewness_Kurtosis_vs_lambda_Cha-a_Cha-a_2013-2014.png,OUTPUT,INCLUDE,
results/model_performance/02_Skewness_Kurtosis_vs_lambda_Cha-a_Cha-a_2015-2016.png,OUTPUT,INCLUDE,
results/model_performance/02_Skewness_Kurtosis_vs_lambda_Cha-a_Cha-a_2017-2018.png,OUTPUT,INCLUDE,
results/model_performance/02_Skewness_Kurtosis_vs_lambda_TDS_TDS_2013-2014.png,OUTPUT,INCLUDE,
results/model_performance/02_Skewness_Kurtosis_vs_lambda_TDS_TDS_2015-2016.png,OUTPUT,INCLUDE,
results/model_performance/02_Skewness_Kurtosis_vs_lambda_TDS_TDS_2017-2018.png,OUTPUT,INCLUDE,
results/model_performance/02_Skewness_Kurtosis_vs_lambda_TOC_TOC_2013-2014.png,OUTPUT,INCLUDE,
results/model_performance/02_Skewness_Kurtosis_vs_lambda_TOC_TOC_2015-2016.png,OUTPUT,INCLUDE,
results/model_performance/02_Skewness_Kurtosis_vs_lambda_TOC_TOC_2017-2018.png,OUTPUT,INCLUDE,
results/model_performance/03_Observed_vs_Estimated_Cha-a_Cha-a_2013-2014.png,OUTPUT,INCLUDE,
results/model_performance/03_Observed_vs_Estimated_Cha-a_Cha-a_2015-2016.png,OUTPUT,INCLUDE,
results/model_performance/03_Observed_vs_Estimated_Cha-a_Cha-a_2017-2018.png,OUTPUT,INCLUDE,
results/model_performance/03_Observed_vs_Estimated_TDS_TDS_2013-2014.png,OUTPUT,INCLUDE,
results/model_performance/03_Observed_vs_Estimated_TDS_TDS_2015-2016.png,OUTPUT,INCLUDE,
results/model_performance/03_Observed_vs_Estimated_TDS_TDS_2017-2018.png,OUTPUT,INCLUDE,
results/model_performance/03_Observed_vs_Estimated_TOC_TOC_2013-2014.png,OUTPUT,INCLUDE,
results/model_performance/03_Observed_vs_Estimated_TOC_TOC_2015-2016.png,OUTPUT,INCLUDE,
results/model_performance/03_Observed_vs_Estimated_TOC_TOC_2017-2018.png,OUTPUT,INCLUDE,
results/model_performance/04_Residuals_vs_Estimated_Y_Cha-a_Cha-a_2013-2014.png,OUTPUT,INCLUDE,
results/model_performance/04_Residuals_vs_Estimated_Y_Cha-a_Cha-a_2015-2016.png,OUTPUT,INCLUDE,
results/model_performance/04_Residuals_vs_Estimated_Y_Cha-a_Cha-a_2017-2018.png,OUTPUT,INCLUDE,
results/model_performance/04_Residuals_vs_Estimated_Y_TDS_TDS_2013-2014.png,OUTPUT,INCLUDE,
results/model_performance/04_Residuals_vs_Estimated_Y_TDS_TDS_2015-2016.png,OUTPUT,INCLUDE,
results/model_performance/04_Residuals_vs_Estimated_Y_TDS_TDS_2017-2018.png,OUTPUT,INCLUDE,
results/model_performance/04_Residuals_vs_Estimated_Y_TOC_TOC_2013-2014.png,OUTPUT,INCLUDE,
results/model_performance/04_Residuals_vs_Estimated_Y_TOC_TOC_2015-2016.png,OUTPUT,INCLUDE,
results/model_performance/04_Residuals_vs_Estimated_Y_TOC_TOC_2017-2018.png,OUTPUT,INCLUDE,
results/model_performance/05_Residuals_vs_Observation_Cha-a_Cha-a_2013-2014.png,OUTPUT,INCLUDE,
results/model_performance/05_Residuals_vs_Observation_Cha-a_Cha-a_2015-2016.png,OUTPUT,INCLUDE,
results/model_performance/05_Residuals_vs_Observation_Cha-a_Cha-a_2017-2018.png,OUTPUT,INCLUDE,
results/model_performance/05_Residuals_vs_Observation_TDS_TDS_2013-2014.png,OUTPUT,INCLUDE,
results/model_performance/05_Residuals_vs_Observation_TDS_TDS_2015-2016.png,OUTPUT,INCLUDE,
results/model_performance/05_Residuals_vs_Observation_TDS_TDS_2017-2018.png,OUTPUT,INCLUDE,
results/model_performance/05_Residuals_vs_Observation_TOC_TOC_2013-2014.png,OUTPUT,INCLUDE,
results/model_performance/05_Residuals_vs_Observation_TOC_TOC_2015-2016.png,OUTPUT,INCLUDE,
results/model_performance/05_Residuals_vs_Observation_TOC_TOC_2017-2018.png,OUTPUT,INCLUDE,
results/model_performance/06_Residuals_vs_Estimated_W_Cha-a_Cha-a_2013-2014.png,OUTPUT,INCLUDE,
results/model_performance/06_Residuals_vs_Estimated_W_Cha-a_Cha-a_2015-2016.png,OUTPUT,INCLUDE,
results/model_performance/06_Residuals_vs_Estimated_W_Cha-a_Cha-a_2017-2018.png,OUTPUT,INCLUDE,
results/model_performance/06_Residuals_vs_Estimated_W_TDS_TDS_2013-2014.png,OUTPUT,INCLUDE,
results/model_performance/06_Residuals_vs_Estimated_W_TDS_TDS_2015-2016.png,OUTPUT,INCLUDE,
results/model_performance/06_Residuals_vs_Estimated_W_TDS_TDS_2017-2018.png,OUTPUT,INCLUDE,
results/model_performance/06_Residuals_vs_Estimated_W_TOC_TOC_2013-2014.png,OUTPUT,INCLUDE,
results/model_performance/06_Residuals_vs_Estimated_W_TOC_TOC_2015-2016.png,OUTPUT,INCLUDE,
results/model_performance/06_Residuals_vs_Estimated_W_TOC_TOC_2017-2018.png,OUTPUT,INCLUDE,
results/model_performance/07_Estimated_per_point_Cha-a_2013-2014.png,OUTPUT,INCLUDE,
results/model_performance/07_Estimated_per_point_Cha-a_2015-2016.png,OUTPUT,INCLUDE,
results/model_performance/07_Estimated_per_point_Cha-a_2017-2018.png,OUTPUT,INCLUDE,
results/model_performance/07_Estimated_per_point_TDS_2013-2014.png,OUTPUT,INCLUDE,
results/model_performance/07_Estimated_per_point_TDS_2015-2016.png,OUTPUT,INCLUDE,
results/model_performance/07_Estimated_per_point_TDS_2017-2018.png,OUTPUT,INCLUDE,
results/model_performance/07_Estimated_per_point_TOC_2013-2014.png,OUTPUT,INCLUDE,
results/model_performance/07_Estimated_per_point_TOC_2015-2016.png,OUTPUT,INCLUDE,
results/model_performance/07_Estimated_per_point_TOC_2017-2018.png,OUTPUT,INCLUDE,
results/model_performance/08_Estimated_CI_PI_Cha-a_2013-2014.png,OUTPUT,INCLUDE,
results/model_performance/08_Estimated_CI_PI_Cha-a_2015-2016.png,OUTPUT,INCLUDE,
results/model_performance/08_Estimated_CI_PI_Cha-a_2017-2018.png,OUTPUT,INCLUDE,
results/model_performance/08_Estimated_CI_PI_TDS_2013-2014.png,OUTPUT,INCLUDE,
results/model_performance/08_Estimated_CI_PI_TDS_2015-2016.png,OUTPUT,INCLUDE,
results/model_performance/08_Estimated_CI_PI_TDS_2017-2018.png,OUTPUT,INCLUDE,
results/model_performance/08_Estimated_CI_PI_TOC_2013-2014.png,OUTPUT,INCLUDE,
results/model_performance/08_Estimated_CI_PI_TOC_2015-2016.png,OUTPUT,INCLUDE,
results/model_performance/08_Estimated_CI_PI_TOC_2017-2018.png,OUTPUT,INCLUDE,
results/model_performance/09_Uncertainty_per_point_Cha-a_2013-2014.png,OUTPUT,INCLUDE,
results/model_performance/09_Uncertainty_per_point_Cha-a_2015-2016.png,OUTPUT,INCLUDE,
results/model_performance/09_Uncertainty_per_point_Cha-a_2017-2018.png,OUTPUT,INCLUDE,
results/model_performance/09_Uncertainty_per_point_TDS_2013-2014.png,OUTPUT,INCLUDE,
results/model_performance/09_Uncertainty_per_point_TDS_2015-2016.png,OUTPUT,INCLUDE,
results/model_performance/09_Uncertainty_per_point_TDS_2017-2018.png,OUTPUT,INCLUDE,
results/model_performance/09_Uncertainty_per_point_TOC_2013-2014.png,OUTPUT,INCLUDE,
results/model_performance/09_Uncertainty_per_point_TOC_2015-2016.png,OUTPUT,INCLUDE,
results/model_performance/09_Uncertainty_per_point_TOC_2017-2018.png,OUTPUT,INCLUDE,
results/model_performance/10_Distribution_comparison_Cha-a_2013-2014.png,OUTPUT,INCLUDE,
results/model_performance/10_Distribution_comparison_Cha-a_2015-2016.png,OUTPUT,INCLUDE,
results/model_performance/10_Distribution_comparison_Cha-a_2017-2018.png,OUTPUT,INCLUDE,
results/model_performance/10_Distribution_comparison_TDS_2013-2014.png,OUTPUT,INCLUDE,
results/model_performance/10_Distribution_comparison_TDS_2015-2016.png,OUTPUT,INCLUDE,
results/model_performance/10_Distribution_comparison_TDS_2017-2018.png,OUTPUT,INCLUDE,
results/model_performance/10_Distribution_comparison_TOC_2013-2014.png,OUTPUT,INCLUDE,
results/model_performance/10_Distribution_comparison_TOC_2015-2016.png,OUTPUT,INCLUDE,
results/model_performance/10_Distribution_comparison_TOC_2017-2018.png,OUTPUT,INCLUDE,
results/model_performance/Resultados_BoxCox_Cha-a_Cha-a_2013-2014.xlsx,OUTPUT,INCLUDE,
results/model_performance/Resultados_BoxCox_Cha-a_Cha-a_2015-2016.xlsx,OUTPUT,INCLUDE,
results/model_performance/Resultados_BoxCox_Cha-a_Cha-a_2017-2018.xlsx,OUTPUT,INCLUDE,
results/model_performance/Resultados_BoxCox_TDS_TDS_2013-2014.xlsx,OUTPUT,INCLUDE,
results/model_performance/Resultados_BoxCox_TDS_TDS_2015-2016.xlsx,OUTPUT,INCLUDE,
results/model_performance/Resultados_BoxCox_TDS_TDS_2017-2018.xlsx,OUTPUT,INCLUDE,
results/model_performance/Resultados_BoxCox_TOC_TOC_2013-2014.xlsx,OUTPUT,INCLUDE,
results/model_performance/Resultados_BoxCox_TOC_TOC_2015-2016.xlsx,OUTPUT,INCLUDE,
results/model_performance/Resultados_BoxCox_TOC_TOC_2017-2018.xlsx,OUTPUT,INCLUDE,
